Workbook

Sheet BPP Resto
A1: Perhitungan Bpp Resto
C2: Pembungus | D2: Free
B3: IceCampur | C3: FALSE | E3: Air Mineral
B4: Rice Bowl & Mie | C4: FALSE
B7: NAMA BARANG | E7: RESEP BAHAN | I7: HARGA LAMA | O7: HARGA BARU
B8: Kode Barang Grup | C8: Nama Barang | E8: Kode Rincian Grup | F8: Nama Barang | G8: KTS | H8: Satuan | I8: SHS | J8: Harga Per Kg | K8: Total BPP | L8: % Bpp | M8: KEUNTUNGAN | N8: % keuntungan | O8: SHS | P8: Total BPP | Q8: % Bpp | R8: Profit | S8: % Profit
A9: ES CAMPUR MONSTERS | B9: CPR.0001 NEW | C9: ICE CAMPUR1 PORSI | D9: =IFERROR(VLOOKUP(B9, 'Database Resto'!C:P, 9, FALSE),"") -> 19900 | E9: MNMN.30102 | F9: Buah Naga | G9: 80 | H9: Gram | I9: =IFERROR(VLOOKUP(E9, 'Database Resto'!C:P, 13, FALSE),"") -> 30.018483 | J9: =I9*1000 -> 30018.483 | K9: =IFERROR(VLOOKUP(E9, 'Database Resto'!C:P, 13, FALSE)* G9, 0) -> 2401.4786 | L9: =IF(D9="","", IFERROR(IF(B9="", K9/D9, SUMIFS($K:$K, $B:$B, B9)/D9), "")) -> 0.60244579 | M9: =D9-SUM(K9:K17) -> 7911.3288 | N9: =IFERROR(M9/D9, ) -> 0.39755421 | O9: {=IF(E9:E396="","",IFERROR(VLOOKUP(E9:E396,'Harga Bpp Resto'!B:N,9,FALSE),""))} -> 36.022179 | P9: =IF(O9=0, G9*I9, G9*O9) -> 2881.7744 | Q9: =IF(D9="","", IFERROR(SUMIFS($P:$P, $B:$B, B9)/D9, 0)) -> 0.66449273 | R9: =IF(D9="","", D9 - SUMIFS($P:$P, $B:$B, B9)) -> 6676.5946 | S9: =IFERROR(R9/D9, ) -> 0.33550727
B10: CPR.0001 NEW | E10: MNMN.30109 | F10: Gula Es Campur | G10: 95 | H10: Gram | I10: =IFERROR(VLOOKUP(E10, 'Database Resto'!C:P, 13, FALSE),"") -> 25 | J10: =I10*1000 -> 25000 | K10: =IFERROR(VLOOKUP(E10, 'Database Resto'!C:P, 13, FALSE)* G10, 0) -> 2375 | P10: =IF(O10=0, G10*I10, G10*O10) -> 2375
B11: CPR.0001 NEW | E11: MNMN.30112 | F11: K. Hijau | G11: 80 | H11: Gram | I11: =IFERROR(VLOOKUP(E11, 'Database Resto'!C:P, 13, FALSE),"") -> 18 | J11: =I11*1000 -> 18000 | K11: =IFERROR(VLOOKUP(E11, 'Database Resto'!C:P, 13, FALSE)* G11, 0) -> 1440 | P11: =IF(O11=0, G11*I11, G11*O11) -> 1440
B12: CPR.0001 NEW | E12: MNMN.30113 | F12: K. Merah | G12: 80 | H12: Gram | I12: =IFERROR(VLOOKUP(E12, 'Database Resto'!C:P, 13, FALSE),"") -> 25 | J12: =I12*1000 -> 25000 | K12: =IFERROR(VLOOKUP(E12, 'Database Resto'!C:P, 13, FALSE)* G12, 0) -> 2000 | P12: =IF(O12=0, G12*I12, G12*O12) -> 2000
B13: CPR.0001 NEW | E13: MNMN.30115 | F13: Melon | G13: 80 | H13: Gram | I13: =IFERROR(VLOOKUP(E13, 'Database Resto'!C:P, 13, FALSE),"") -> 25.23528 | J13: =I13*1000 -> 25235.28 | K13: =IFERROR(VLOOKUP(E13, 'Database Resto'!C:P, 13, FALSE)* G13, 0) -> 2018.8224 | O13: 30.282336 | P13: =IF(O13=0, G13*I13, G13*O13) -> 2422.5869
B14: CPR.0001 NEW | E14: MNMN.30120 | F14: Semangka | G14: 80 | H14: Gram | I14: =IFERROR(VLOOKUP(E14, 'Database Resto'!C:P, 13, FALSE),"") -> 21.917127 | J14: =I14*1000 -> 21917.127 | K14: =IFERROR(VLOOKUP(E14, 'Database Resto'!C:P, 13, FALSE)* G14, 0) -> 1753.3701 | O14: 26.300552 | P14: =IF(O14=0, G14*I14, G14*O14) -> 2104.0442
B15: CPR.0001 NEW | E15: =IFERROR(__xludf.DUMMYFUNCTION("IF(C3, FILTER(Pembungkus!B:E, Pembungkus!A:A=""Ice Campur""), """")"),"") | I15: =IFERROR(VLOOKUP(E15, 'Database Resto'!C:P, 13, FALSE),"") | J15: =I15 | K15: =IFERROR(VLOOKUP(E15, 'Database Resto'!C:P, 13, FALSE)* G15, 0) -> 0 | P15: =IF(O15=0, G15*I15, G15*O15) -> 0
B17: CPR.0001 NEW | I17: =IFERROR(VLOOKUP(E17, 'Database Resto'!C:P, 13, FALSE),"") | J17: =I17 | K17: =IFERROR(VLOOKUP(E17, 'Database Resto'!C:P, 13, FALSE)* G17, 0) -> 0 | P17: =IF(O17=0, G17*I17, G17*O17) -> 0
D18: =SUM(D9:D17) -> 19900 | I18: =IFERROR(VLOOKUP(E18, 'Database Resto'!C:P, 13, FALSE),"") | K18: =SUM(K9:K17) -> 11988.671 | L18: =IFERROR(K18/D9, 0) -> 0.60244579 | M18: =D9-K18 -> 7911.3288 | N18: =IFERROR(M18/D18, ) -> 0.39755421 | P18: =SUM(P9:P17) -> 13223.405 | Q18: =IFERROR(P18/D9, 0) -> 0.66449273 | R18: =D9-P18 -> 6676.5946 | S18: =IFERROR(R18/D18, ) -> 0.33550727
B19: CPR.0002 NEW | C19: ICE CAMPUR 2 PORSI | D19: =IFERROR(VLOOKUP(B19, 'Database Resto'!C:P, 9, FALSE),"") -> 37000 | E19: MNMN.30102 | F19: Buah Naga | G19: 160 | H19: Gram | I19: =IFERROR(VLOOKUP(E19, 'Database Resto'!C:P, 13, FALSE),"") -> 30.018483 | J19: =I19*1000 -> 30018.483 | K19: =IFERROR(VLOOKUP(E19, 'Database Resto'!C:P, 13, FALSE)* G19, 0) -> 4802.9573 | L19: =IF(D19="","", IFERROR(IF(B19="", K19/D19, SUMIFS($K:$K, $B:$B, B19)/D19), "")) -> 0.64803628 | M19: =D19-SUM(K19:K24) -> 13022.658 | N19: =IFERROR(M19/D19, ) -> 0.35196372 | O19: 36.022179 | Q19: =IF(D19="","", IFERROR(SUMIFS($P:$P, $B:$B, B19)/D19, 0)) -> 0.55900708 | R19: =IF(D19="","", D19 - SUMIFS($P:$P, $B:$B, B19)) -> 16316.738 | S19: =IFERROR(R19/D19, ) -> 0.44099292
B20: CPR.0002 NEW | E20: MNMN.30109 | F20: Gula Es Campur | G20: 190 | H20: Gram | I20: =IFERROR(VLOOKUP(E20, 'Database Resto'!C:P, 13, FALSE),"") -> 25 | J20: =I20*1000 -> 25000 | K20: =IFERROR(VLOOKUP(E20, 'Database Resto'!C:P, 13, FALSE)* G20, 0) -> 4750 | P20: =IF(O20=0, G20*I20, G20*O20) -> 4750
B21: CPR.0002 NEW | E21: MNMN.30112 | F21: K. Hijau | G21: 160 | H21: Gram | I21: =IFERROR(VLOOKUP(E21, 'Database Resto'!C:P, 13, FALSE),"") -> 18 | J21: =I21*1000 -> 18000 | K21: =IFERROR(VLOOKUP(E21, 'Database Resto'!C:P, 13, FALSE)* G21, 0) -> 2880 | P21: =IF(O21=0, G21*I21, G21*O21) -> 2880
B22: CPR.0002 NEW | E22: MNMN.30113 | F22: K. Merah | G22: 160 | H22: Gram | I22: =IFERROR(VLOOKUP(E22, 'Database Resto'!C:P, 13, FALSE),"") -> 25 | J22: =I22*1000 -> 25000 | K22: =IFERROR(VLOOKUP(E22, 'Database Resto'!C:P, 13, FALSE)* G22, 0) -> 4000 | P22: =IF(O22=0, G22*I22, G22*O22) -> 4000
B23: CPR.0002 NEW | E23: MNMN.30115 | F23: Melon | G23: 160 | H23: Gram | I23: =IFERROR(VLOOKUP(E23, 'Database Resto'!C:P, 13, FALSE),"") -> 25.23528 | J23: =I23*1000 -> 25235.28 | K23: =IFERROR(VLOOKUP(E23, 'Database Resto'!C:P, 13, FALSE)* G23, 0) -> 4037.6448 | O23: 30.282336 | P23: =IF(O23=0, G23*I23, G23*O23) -> 4845.1737
B24: CPR.0002 NEW | E24: MNMN.30120 | F24: Semangka | G24: 160 | H24: Gram | I24: =IFERROR(VLOOKUP(E24, 'Database Resto'!C:P, 13, FALSE),"") -> 21.917127 | J24: =I24*1000 -> 21917.127 | K24: =IFERROR(VLOOKUP(E24, 'Database Resto'!C:P, 13, FALSE)* G24, 0) -> 3506.7403 | O24: 26.300552 | P24: =IF(O24=0, G24*I24, G24*O24) -> 4208.0883
C25: ICE CAMPUR 2 PORSI | D25: =SUM(D19:D24) -> 37000 | I25: =IFERROR(VLOOKUP(E25, 'Database Resto'!C:P, 13, FALSE),"") | K25: =SUM(K19:K24) -> 23977.342 | L25: =IFERROR(K25/D19, 0) -> 0.64803628 | M25: =D19-K25 -> 13022.658 | N25: =IFERROR(M25/D25, ) -> 0.35196372 | P25: =SUM(P19:P24) -> 20683.262 | Q25: =IFERROR(P25/D19, 0) -> 0.55900708 | R25: =D19-P25 -> 16316.738 | S25: =IFERROR(R25/D25, ) -> 0.44099292
B26: CPR.0003 NEW | C26: ICE CAMPUR 4 PORSI | D26: =IFERROR(VLOOKUP(B26, 'Database Resto'!C:P, 9, FALSE),"") -> 71900 | E26: MNMN.30102 | F26: Buah Naga | G26: 320 | H26: Gram | I26: =IFERROR(VLOOKUP(E26, 'Database Resto'!C:P, 13, FALSE),"") -> 30.018483 | J26: =I26*1000 -> 30018.483 | K26: =IFERROR(VLOOKUP(E26, 'Database Resto'!C:P, 13, FALSE)* G26, 0) -> 9605.9145 | L26: =IF(D26="","", IFERROR(IF(B26="", K26/D26, SUMIFS($K:$K, $B:$B, B26)/D26), "")) -> 0.66696363 | M26: =D26-SUM(K26:K31) -> 23945.315 | N26: =IFERROR(M26/D26, ) -> 0.33303637 | O26: 36.022179 | P26: =IF(O26=0, G26*I26, G26*O26) -> 11527.097 | Q26: =IF(D26="","", IFERROR(SUMIFS($P:$P, $B:$B, B26)/D26, 0)) -> 0.73565538 | R26: =IF(D26="","", D26 - SUMIFS($P:$P, $B:$B, B26)) -> 19006.378 | S26: =IFERROR(R26/D26, ) -> 0.26434462
B27: CPR.0003 NEW | E27: MNMN.30109 | F27: Gula Es Campur | G27: 380 | H27: Gram | I27: =IFERROR(VLOOKUP(E27, 'Database Resto'!C:P, 13, FALSE),"") -> 25 | J27: =I27*1000 -> 25000 | K27: =IFERROR(VLOOKUP(E27, 'Database Resto'!C:P, 13, FALSE)* G27, 0) -> 9500 | P27: =IF(O27=0, G27*I27, G27*O27) -> 9500
B28: CPR.0003 NEW | E28: MNMN.30112 | F28: K. Hijau | G28: 320 | H28: Gram | I28: =IFERROR(VLOOKUP(E28, 'Database Resto'!C:P, 13, FALSE),"") -> 18 | J28: =I28*1000 -> 18000 | K28: =IFERROR(VLOOKUP(E28, 'Database Resto'!C:P, 13, FALSE)* G28, 0) -> 5760 | P28: =IF(O28=0, G28*I28, G28*O28) -> 5760
B29: CPR.0003 NEW | E29: MNMN.30113 | F29: K. Merah | G29: 320 | H29: Gram | I29: =IFERROR(VLOOKUP(E29, 'Database Resto'!C:P, 13, FALSE),"") -> 25 | J29: =I29*1000 -> 25000 | K29: =IFERROR(VLOOKUP(E29, 'Database Resto'!C:P, 13, FALSE)* G29, 0) -> 8000 | P29: =IF(O29=0, G29*I29, G29*O29) -> 8000
B30: CPR.0003 NEW | E30: MNMN.30115 | F30: Melon | G30: 320 | H30: Gram | I30: =IFERROR(VLOOKUP(E30, 'Database Resto'!C:P, 13, FALSE),"") -> 25.23528 | J30: =I30*1000 -> 25235.28 | K30: =IFERROR(VLOOKUP(E30, 'Database Resto'!C:P, 13, FALSE)* G30, 0) -> 8075.2896 | O30: 30.282336 | P30: =IF(O30=0, G30*I30, G30*O30) -> 9690.3475
B31: CPR.0003 NEW | E31: MNMN.30120 | F31: Semangka | G31: 320 | H31: Gram | I31: =IFERROR(VLOOKUP(E31, 'Database Resto'!C:P, 13, FALSE),"") -> 21.917127 | J31: =I31*1000 -> 21917.127 | K31: =IFERROR(VLOOKUP(E31, 'Database Resto'!C:P, 13, FALSE)* G31, 0) -> 7013.4806 | O31: 26.300552 | P31: =IF(O31=0, G31*I31, G31*O31) -> 8416.1767
C32: ICE CAMPUR 4 PORSI | D32: =SUM(D26:D31) -> 71900 | I32: =IFERROR(VLOOKUP(E32, 'Database Resto'!C:P, 13, FALSE),"") | J32: 0 | K32: =SUM(K26:K31) -> 47954.685 | L32: =IFERROR(K32/D26, 0) -> 0.66696363 | M32: =D26-K32 -> 23945.315 | N32: =IFERROR(M32/D32, ) -> 0.33303637 | P32: =SUM(P26:P31) -> 52893.622 | Q32: =IFERROR(P32/D26, 0) -> 0.73565538 | R32: =D26-P32 -> 19006.378 | S32: =IFERROR(R32/D32, ) -> 0.26434462
B33: CPR.0004 NEW | C33: ICE CAMPUR 8 PORSI | D33: =IFERROR(VLOOKUP(B33, 'Database Resto'!C:P, 9, FALSE),"") -> 135900 | E33: MNMN.30102 | F33: Buah Naga | G33: 640 | H33: Gram | I33: =IFERROR(VLOOKUP(E33, 'Database Resto'!C:P, 13, FALSE),"") -> 30.018483 | J33: =I33*1000 -> 30018.483 | K33: =IFERROR(VLOOKUP(E33, 'Database Resto'!C:P, 13, FALSE)* G33, 0) -> 19211.829 | L33: =IF(D33="","", IFERROR(IF(B33="", K33/D33, SUMIFS($K:$K, $B:$B, B33)/D33), "")) -> 0.70573487 | M33: =D33-SUM(K33:K38) -> 39990.631 | N33: =IFERROR(M33/D33, ) -> 0.29426513 | O33: 36.022179 | P33: =IF(O33=0, G33*I33, G33*O33) -> 23054.195 | Q33: =IF(D33="","", IFERROR(SUMIFS($P:$P, $B:$B, B33)/D33, 0)) -> 0.77841974 | R33: =IF(D33="","", D33 - SUMIFS($P:$P, $B:$B, B33)) -> 30112.757 | S33: =IFERROR(R33/D33, ) -> 0.22158026
B34: CPR.0004 NEW | E34: MNMN.30109 | F34: Gula Es Campur | G34: 760 | H34: Gram | I34: =IFERROR(VLOOKUP(E34, 'Database Resto'!C:P, 13, FALSE),"") -> 25 | J34: =I34*1000 -> 25000 | K34: =IFERROR(VLOOKUP(E34, 'Database Resto'!C:P, 13, FALSE)* G34, 0) -> 19000 | P34: =IF(O34=0, G34*I34, G34*O34) -> 19000
B35: CPR.0004 NEW | E35: MNMN.30112 | F35: K. Hijau | G35: 640 | H35: Gram | I35: =IFERROR(VLOOKUP(E35, 'Database Resto'!C:P, 13, FALSE),"") -> 18 | J35: =I35*1000 -> 18000 | K35: =IFERROR(VLOOKUP(E35, 'Database Resto'!C:P, 13, FALSE)* G35, 0) -> 11520 | P35: =IF(O35=0, G35*I35, G35*O35) -> 11520
B36: CPR.0004 NEW | E36: MNMN.30113 | F36: K. Merah | G36: 640 | H36: Gram | I36: =IFERROR(VLOOKUP(E36, 'Database Resto'!C:P, 13, FALSE),"") -> 25 | J36: =I36*1000 -> 25000 | K36: =IFERROR(VLOOKUP(E36, 'Database Resto'!C:P, 13, FALSE)* G36, 0) -> 16000 | P36: =IF(O36=0, G36*I36, G36*O36) -> 16000
B37: CPR.0004 NEW | E37: MNMN.30115 | F37: Melon | G37: 640 | H37: Gram | I37: =IFERROR(VLOOKUP(E37, 'Database Resto'!C:P, 13, FALSE),"") -> 25.23528 | J37: =I37*1000 -> 25235.28 | K37: =IFERROR(VLOOKUP(E37, 'Database Resto'!C:P, 13, FALSE)* G37, 0) -> 16150.579 | O37: 30.282336 | P37: =IF(O37=0, G37*I37, G37*O37) -> 19380.695
B38: CPR.0004 NEW | E38: MNMN.30120 | F38: Semangka | G38: 640 | H38: Gram | I38: =IFERROR(VLOOKUP(E38, 'Database Resto'!C:P, 13, FALSE),"") -> 21.917127 | J38: =I38*1000 -> 21917.127 | K38: =IFERROR(VLOOKUP(E38, 'Database Resto'!C:P, 13, FALSE)* G38, 0) -> 14026.961 | O38: 26.300552 | P38: =IF(O38=0, G38*I38, G38*O38) -> 16832.353
D39: =IFERROR(VLOOKUP(B39, 'Database Resto'!C:P, 9, FALSE),"") | I39: =IFERROR(VLOOKUP(E39, 'Database Resto'!C:P, 13, FALSE),"") | J39: =I39*1000 -> 0 | K39: =SUM(K33:K38) -> 95909.369 | L39: =IFERROR(K39/D33, 0) -> 0.70573487 | M39: =D33-K39 -> 39990.631 | N39: =IFERROR(M39/D39, ) | P39: =SUM(P33:P38) -> 105787.24 | Q39: =IFERROR(P39/D33, 0) -> 0.77841974 | R39: =D33-P39 -> 30112.757 | S39: =IFERROR(R39/D39, )
B40: CPR.0005 NEW | C40: ICE CAMPUR10 PORSI | D40: =IFERROR(VLOOKUP(B40, 'Database Resto'!C:P, 9, FALSE),"") -> 160000 | E40: MNMN.30102 | F40: Buah Naga | G40: 800 | H40: Gram | I40: =IFERROR(VLOOKUP(E40, 'Database Resto'!C:P, 13, FALSE),"") -> 30.018483 | J40: =I40*1000 -> 30018.483 | K40: =IFERROR(VLOOKUP(E40, 'Database Resto'!C:P, 13, FALSE)* G40, 0) -> 24014.786 | L40: =IF(D40="","", IFERROR(IF(B40="", K40/D40, SUMIFS($K:$K, $B:$B, B40)/D40), "")) -> 0.74929195 | M40: =D40-SUM(K40:K45) -> 40113.288 | N40: =IFERROR(M40/D40, ) -> 0.25070805 | O40: 36.022179 | P40: =IF(O40=0, G40*I40, G40*O40) -> 28817.744 | Q40: =IF(D40="","", IFERROR(SUMIFS($P:$P, $B:$B, B40)/D40, 0)) -> 0.82646284 | R40: =IF(D40="","", D40 - SUMIFS($P:$P, $B:$B, B40)) -> 27765.946 | S40: =IFERROR(R40/D40, ) -> 0.17353716
B41: CPR.0005 NEW | E41: MNMN.30109 | F41: Gula Es Campur | G41: 950 | H41: Gram | I41: =IFERROR(VLOOKUP(E41, 'Database Resto'!C:P, 13, FALSE),"") -> 25 | J41: =I41*1000 -> 25000 | K41: =IFERROR(VLOOKUP(E41, 'Database Resto'!C:P, 13, FALSE)* G41, 0) -> 23750 | P41: =IF(O41=0, G41*I41, G41*O41) -> 23750
B42: CPR.0005 NEW | E42: MNMN.30112 | F42: K. Hijau | G42: 800 | H42: Gram | I42: =IFERROR(VLOOKUP(E42, 'Database Resto'!C:P, 13, FALSE),"") -> 18 | J42: =I42*1000 -> 18000 | K42: =IFERROR(VLOOKUP(E42, 'Database Resto'!C:P, 13, FALSE)* G42, 0) -> 14400 | P42: =IF(O42=0, G42*I42, G42*O42) -> 14400
B43: CPR.0005 NEW | E43: MNMN.30113 | F43: K. Merah | G43: 800 | H43: Gram | I43: =IFERROR(VLOOKUP(E43, 'Database Resto'!C:P, 13, FALSE),"") -> 25 | J43: =I43*1000 -> 25000 | K43: =IFERROR(VLOOKUP(E43, 'Database Resto'!C:P, 13, FALSE)* G43, 0) -> 20000 | P43: =IF(O43=0, G43*I43, G43*O43) -> 20000
B44: CPR.0005 NEW | E44: MNMN.30115 | F44: Melon | G44: 800 | H44: Gram | I44: =IFERROR(VLOOKUP(E44, 'Database Resto'!C:P, 13, FALSE),"") -> 25.23528 | J44: =I44*1000 -> 25235.28 | K44: =IFERROR(VLOOKUP(E44, 'Database Resto'!C:P, 13, FALSE)* G44, 0) -> 20188.224 | O44: 30.282336 | P44: =IF(O44=0, G44*I44, G44*O44) -> 24225.869
B45: CPR.0005 NEW | E45: MNMN.30120 | F45: Semangka | G45: 800 | H45: Gram | I45: =IFERROR(VLOOKUP(E45, 'Database Resto'!C:P, 13, FALSE),"") -> 21.917127 | J45: =I45*1000 -> 21917.127 | K45: =IFERROR(VLOOKUP(E45, 'Database Resto'!C:P, 13, FALSE)* G45, 0) -> 17533.701 | O45: 26.300552 | P45: =IF(O45=0, G45*I45, G45*O45) -> 21040.442
D46: =IFERROR(VLOOKUP(B46, 'Database Resto'!C:P, 9, FALSE),"") | I46: =IFERROR(VLOOKUP(E46, 'Database Resto'!C:P, 13, FALSE),"") | J46: =I46*1000 -> 0 | K46: =SUM(K40:K45) -> 119886.71 | L46: =IFERROR(K46/D40, 0) -> 0.74929195 | M46: =D40-K46 -> 40113.288 | N46: =IFERROR(M46/D46, ) | P46: =SUM(P40:P45) -> 132234.05 | Q46: =IFERROR(P46/D40, 0) -> 0.82646284 | R46: =D40-P46 -> 27765.946 | S46: =IFERROR(R46/D46, )
B47: CPR.0006 NEW | C47: ICE CAMPUR 30 PORSI | D47: =IFERROR(VLOOKUP(B47, 'Database Resto'!C:P, 9, FALSE),"") -> 450000 | E47: MNMN.30102 | F47: Buah Naga | G47: 2400 | H47: Gram | I47: =IFERROR(VLOOKUP(E47, 'Database Resto'!C:P, 13, FALSE),"") -> 30.018483 | J47: =I47*1000 -> 30018.483 | K47: =IFERROR(VLOOKUP(E47, 'Database Resto'!C:P, 13, FALSE)* G47, 0) -> 72044.359 | L47: =IF(D47="","", IFERROR(IF(B47="", K47/D47, SUMIFS($K:$K, $B:$B, B47)/D47), "")) -> 0.79924474 | M47: =D47-SUM(K47:K52) -> 90339.865 | N47: =IFERROR(M47/D47, ) -> 0.20075526 | O47: 36.022179 | P47: =IF(O47=0, G47*I47, G47*O47) -> 86453.231 | Q47: =IF(D47="","", IFERROR(SUMIFS($P:$P, $B:$B, B47)/D47, 0)) -> 0.88156036 | R47: =IF(D47="","", D47 - SUMIFS($P:$P, $B:$B, B47)) -> 53297.838 | S47: =IFERROR(R47/D47, ) -> 0.11843964
B48: CPR.0006 NEW | E48: MNMN.30109 | F48: Gula Es Campur | G48: 2850 | H48: Gram | I48: =IFERROR(VLOOKUP(E48, 'Database Resto'!C:P, 13, FALSE),"") -> 25 | J48: =I48*1000 -> 25000 | K48: =IFERROR(VLOOKUP(E48, 'Database Resto'!C:P, 13, FALSE)* G48, 0) -> 71250 | P48: =IF(O48=0, G48*I48, G48*O48) -> 71250
B49: CPR.0006 NEW | E49: MNMN.30112 | F49: K. Hijau | G49: 2400 | H49: Gram | I49: =IFERROR(VLOOKUP(E49, 'Database Resto'!C:P, 13, FALSE),"") -> 18 | J49: =I49*1000 -> 18000 | K49: =IFERROR(VLOOKUP(E49, 'Database Resto'!C:P, 13, FALSE)* G49, 0) -> 43200 | P49: =IF(O49=0, G49*I49, G49*O49) -> 43200
B50: CPR.0006 NEW | E50: MNMN.30113 | F50: K. Merah | G50: 2400 | H50: Gram | I50: =IFERROR(VLOOKUP(E50, 'Database Resto'!C:P, 13, FALSE),"") -> 25 | J50: =I50*1000 -> 25000 | K50: =IFERROR(VLOOKUP(E50, 'Database Resto'!C:P, 13, FALSE)* G50, 0) -> 60000 | P50: =IF(O50=0, G50*I50, G50*O50) -> 60000
B51: CPR.0006 NEW | E51: MNMN.30115 | F51: Melon | G51: 2400 | H51: Gram | I51: =IFERROR(VLOOKUP(E51, 'Database Resto'!C:P, 13, FALSE),"") -> 25.23528 | J51: =I51*1000 -> 25235.28 | K51: =IFERROR(VLOOKUP(E51, 'Database Resto'!C:P, 13, FALSE)* G51, 0) -> 60564.672 | O51: 30.282336 | P51: =IF(O51=0, G51*I51, G51*O51) -> 72677.606
B52: CPR.0006 NEW | E52: MNMN.30120 | F52: Semangka | G52: 2400 | H52: Gram | I52: =IFERROR(VLOOKUP(E52, 'Database Resto'!C:P, 13, FALSE),"") -> 21.917127 | J52: =I52*1000 -> 21917.127 | K52: =IFERROR(VLOOKUP(E52, 'Database Resto'!C:P, 13, FALSE)* G52, 0) -> 52601.104 | O52: 26.300552 | P52: =IF(O52=0, G52*I52, G52*O52) -> 63121.325
D53: =IFERROR(VLOOKUP(B53, 'Database Resto'!C:P, 9, FALSE),"") | I53: =IFERROR(VLOOKUP(E53, 'Database Resto'!C:P, 13, FALSE),"") | J53: =I53*1000 -> 0 | K53: =SUM(K47:K52) -> 359660.13 | L53: =IFERROR(K53/D47, 0) -> 0.79924474 | M53: =D47-K53 -> 90339.865 | N53: =IFERROR(M53/D53, ) | P53: =SUM(P47:P52) -> 396702.16 | Q53: =IFERROR(P53/D47, 0) -> 0.88156036 | R53: =D47-P53 -> 53297.838 | S53: =IFERROR(R53/D53, )
A54: MIE BASAH | B54: MIE.020 NEW | C54: MIE HOT MONSTERS | D54: =IFERROR(VLOOKUP(B54, 'Database Resto'!C:P, 9, FALSE),"") -> 25900 | E54: MKN.30115 | F54: Gorengan Mie | G54: 1 | H54: Pcs | I54: =IFERROR(VLOOKUP(E54, 'Database Resto'!C:P, 13, FALSE),"") -> 279.96294 | J54: =I54 -> 279.96294 | K54: =IFERROR(VLOOKUP(E54, 'Database Resto'!C:P, 13, FALSE)* G54, 0) -> 279.96294 | L54: =IF(D54="","", IFERROR(SUM(K54:K62)/D54, "")) -> 0.3717312 | M54: =IF(D54="","", D54-SUM(K54:K62)) -> 16272.162 | N54: =IFERROR(M54/D54, ) -> 0.6282688 | P54: =IF(O54=0, G54*I54, G54*O54) -> 279.96294 | Q54: =IF(D54="","", IFERROR(SUM(P54:P62)/D54, "")) -> 0.37416009 | R54: =IF(D54="","", D54-SUM(P54:P62)) -> 16209.254 | S54: =IFERROR(R54/D54, ) -> 0.62583991
E55: MKN.30126 | F55: Mie Basah | G55: 1 | H55: Pcs | I55: =IFERROR(VLOOKUP(E55, 'Database Resto'!C:P, 13, FALSE),"") -> 3000 | J55: =I55 -> 3000 | K55: =IFERROR(VLOOKUP(E55, 'Database Resto'!C:P, 13, FALSE)* G55, 0) -> 3000 | P55: =IF(O55=0, G55*I55, G55*O55) -> 3000
E56: MKN.30132 | F56: Pokcoy | G56: 25 | H56: Gram | I56: =IFERROR(VLOOKUP(E56, 'Database Resto'!C:P, 13, FALSE),"") -> 12.581668 | J56: =I56*1000 -> 12581.668 | K56: =IFERROR(VLOOKUP(E56, 'Database Resto'!C:P, 13, FALSE)* G56, 0) -> 314.54169 | O56: 15.098001 | P56: =IF(O56=0, G56*I56, G56*O56) -> 377.45003
E57: MKN.30154 | F57: Toping Ayam Pedas | G57: 60 | H57: Gram | I57: =IFERROR(VLOOKUP(E57, 'Database Resto'!C:P, 13, FALSE),"") -> 70 | J57: =I57*1000 -> 70000 | K57: =IFERROR(VLOOKUP(E57, 'Database Resto'!C:P, 13, FALSE)* G57, 0) -> 4200 | P57: =IF(O57=0, G57*I57, G57*O57) -> 4200
E58: =IFERROR(__xludf.DUMMYFUNCTION("IF(C4, FILTER(Pembungkus!B:E, Pembungkus!A:A=""Mie""), """") "),"") | I58: =IFERROR(VLOOKUP(E58, 'Database Resto'!C:P, 13, FALSE),"") | J58: =I58*1000 -> 0 | K58: =IFERROR(VLOOKUP(E58, 'Database Resto'!C:P, 13, FALSE)* G58, 0) -> 0 | P58: =IF(O58=0, G58*I58, G58*O58) -> 0
I59: =IFERROR(VLOOKUP(E59, 'Database Resto'!C:P, 13, FALSE),"") | J59: =I59*1000 -> 0 | K59: =IFERROR(VLOOKUP(E59, 'Database Resto'!C:P, 13, FALSE)* G59, 0) -> 0 | P59: =IF(O59=0, G59*I59, G59*O59) -> 0
I60: =IFERROR(VLOOKUP(E60, 'Database Resto'!C:P, 13, FALSE),"") | J60: =I60*1000 -> 0 | K60: =IFERROR(VLOOKUP(E60, 'Database Resto'!C:P, 13, FALSE)* G60, 0) -> 0 | P60: =IF(O60=0, G60*I60, G60*O60) -> 0
I61: =IFERROR(VLOOKUP(E61, 'Database Resto'!C:P, 13, FALSE),"") | J61: =I61 | K61: =IFERROR(VLOOKUP(E61, 'Database Resto'!C:P, 13, FALSE)* G61, 0) -> 0 | P61: =IF(O61=0, G61*I61, G61*O61) -> 0
E62: =IFERROR(__xludf.DUMMYFUNCTION("IF($E$3="""","""",IFERROR(FILTER(Pembungkus!B:E, Pembungkus!C:C=$E$3),""""))"),"MNMN.30100") -> MNMN.30100 | F62: =IFERROR(__xludf.DUMMYFUNCTION("""COMPUTED_VALUE"""),"Air Mineral") -> Air Mineral | G62: =IFERROR(__xludf.DUMMYFUNCTION("""COMPUTED_VALUE"""),1.0) -> 1 | H62: =IFERROR(__xludf.DUMMYFUNCTION("""COMPUTED_VALUE"""),"Btl") -> Btl | I62: =IFERROR(VLOOKUP(E62, 'Database Resto'!C:P, 13, FALSE),"") -> 1833.3333 | J62: =I62 -> 1833.3333 | K62: =IFERROR(VLOOKUP(E62, 'Database Resto'!C:P, 13, FALSE)* G62, 0) -> 1833.3333 | P62: =IF(O62=0, G62*I62, G62*O62) -> 1833.3333
D63: =D54 -> 25900 | I63: =IFERROR(VLOOKUP(E63, 'Database Resto'!C:P, 13, FALSE),"") | J63: =I63*1000 -> 0 | K63: =SUM(K54:K62) -> 9627.838 | L63: =IFERROR(K63/D54, 0) -> 0.3717312 | M63: =D54-K63 -> 16272.162 | N63: =IFERROR(M63/D63, ) -> 0.6282688 | P63: =SUM(P54:P62) -> 9690.7463 | Q63: =IFERROR(P63/D54, 0) -> 0.37416009 | R63: =D54-P63 -> 16209.254 | S63: =IFERROR(R63/D63, ) -> 0.62583991
B64: MIE.001 NEW | C64: MIE AYAM MONSTERS | D64: =IFERROR(VLOOKUP(B64, 'Database Resto'!C:P, 9, FALSE),"") -> 25900 | E64: MKN.30115 | F64: Gorengan Mie | G64: 1 | H64: Pcs | I64: =IFERROR(VLOOKUP(E64, 'Database Resto'!C:P, 13, FALSE),"") -> 279.96294 | J64: =I64 -> 279.96294 | K64: =IFERROR(VLOOKUP(E64, 'Database Resto'!C:P, 13, FALSE)* G64, 0) -> 279.96294 | L64: =IF(D64="","", IFERROR(SUM(K64:K72)/D64, "")) -> 0.40184703 | M64: =IF(D64="","", D64-SUM(K64:K72)) -> 15492.162 | N64: =IFERROR(M64/D64, ) -> 0.59815297 | P64: =IF(O64=0, G64*I64, G64*O64) -> 279.96294 | Q64: =IF(D64="","", IFERROR(SUM(P64:P72)/D64, "")) -> 0.40427592 | R64: =IF(D64="","", D64-SUM(P64:P72)) -> 15429.254 | S64: =IFERROR(R64/D64, ) -> 0.59572408
E65: MKN.30126 | F65: Mie Basah | G65: 1 | H65: Pcs | I65: =IFERROR(VLOOKUP(E65, 'Database Resto'!C:P, 13, FALSE),"") -> 3000 | J65: =I65 -> 3000 | K65: =IFERROR(VLOOKUP(E65, 'Database Resto'!C:P, 13, FALSE)* G65, 0) -> 3000 | P65: =IF(O65=0, G65*I65, G65*O65) -> 3000
E66: MKN.30132 | F66: Pokcoy | G66: 25 | H66: Gram | I66: =IFERROR(VLOOKUP(E66, 'Database Resto'!C:P, 13, FALSE),"") -> 12.581668 | J66: =I66*1000 -> 12581.668 | K66: =IFERROR(VLOOKUP(E66, 'Database Resto'!C:P, 13, FALSE)* G66, 0) -> 314.54169 | O66: 15.098001 | P66: =IF(O66=0, G66*I66, G66*O66) -> 377.45003
E67: MKN.30153 | F67: TOPING AYAM KECAP | G67: 60 | H67: Gram | I67: =IFERROR(VLOOKUP(E67, 'Database Resto'!C:P, 13, FALSE),"") -> 83 | J67: =I67*1000 -> 83000 | K67: =IFERROR(VLOOKUP(E67, 'Database Resto'!C:P, 13, FALSE)* G67, 0) -> 4980 | P67: =IF(O67=0, G67*I67, G67*O67) -> 4980
E68: =IFERROR(__xludf.DUMMYFUNCTION("IF($C$4, FILTER(Pembungkus!B:E, Pembungkus!A:A=""Mie""), """") "),"") | I68: =IFERROR(VLOOKUP(E68, 'Database Resto'!C:P, 13, FALSE),"") | J68: =I68*1000 -> 0 | K68: =IFERROR(VLOOKUP(E68, 'Database Resto'!C:P, 13, FALSE)* G68, 0) -> 0 | P68: =IF(O68=0, G68*I68, G68*O68) -> 0
I69: =IFERROR(VLOOKUP(E69, 'Database Resto'!C:P, 13, FALSE),"") | J69: =I69*1000 -> 0 | K69: =IFERROR(VLOOKUP(E69, 'Database Resto'!C:P, 13, FALSE)* G69, 0) -> 0 | P69: =IF(O69=0, G69*I69, G69*O69) -> 0
I70: =IFERROR(VLOOKUP(E70, 'Database Resto'!C:P, 13, FALSE),"") | J70: =I70*1000 -> 0 | K70: =IFERROR(VLOOKUP(E70, 'Database Resto'!C:P, 13, FALSE)* G70, 0) -> 0 | P70: =IF(O70=0, G70*I70, G70*O70) -> 0
I71: =IFERROR(VLOOKUP(E71, 'Database Resto'!C:P, 13, FALSE),"") | J71: =I71 | K71: =IFERROR(VLOOKUP(E71, 'Database Resto'!C:P, 13, FALSE)* G71, 0) -> 0 | P71: =IF(O71=0, G71*I71, G71*O71) -> 0
E72: =IFERROR(__xludf.DUMMYFUNCTION("IF($E$3="""","""",IFERROR(FILTER(Pembungkus!B:E, Pembungkus!C:C=$E$3),""""))"),"MNMN.30100") -> MNMN.30100 | F72: =IFERROR(__xludf.DUMMYFUNCTION("""COMPUTED_VALUE"""),"Air Mineral") -> Air Mineral | G72: =IFERROR(__xludf.DUMMYFUNCTION("""COMPUTED_VALUE"""),1.0) -> 1 | H72: =IFERROR(__xludf.DUMMYFUNCTION("""COMPUTED_VALUE"""),"Btl") -> Btl | I72: =IFERROR(VLOOKUP(E72, 'Database Resto'!C:P, 13, FALSE),"") -> 1833.3333 | J72: =I72 -> 1833.3333 | K72: =IFERROR(VLOOKUP(E72, 'Database Resto'!C:P, 13, FALSE)* G72, 0) -> 1833.3333 | P72: =IF(O72=0, G72*I72, G72*O72) -> 1833.3333
D73: =D64 -> 25900 | I73: =IFERROR(VLOOKUP(E73, 'Database Resto'!C:P, 13, FALSE),"") | J73: =I73*1000 -> 0 | K73: =SUM(K64:K72) -> 10407.838 | L73: =IFERROR(K73/D64, 0) -> 0.40184703 | M73: =D64-K73 -> 15492.162 | N73: =IFERROR(M73/D73, ) -> 0.59815297 | P73: =SUM(P64:P72) -> 10470.746 | Q73: =IFERROR(P73/D64, 0) -> 0.40427592 | R73: =D64-P73 -> 15429.254 | S73: =IFERROR(R73/D73, ) -> 0.59572408
B74: MIE.002 NEW | C74: MIE AYAM JAMUR | D74: =IFERROR(VLOOKUP(B74, 'Database Resto'!C:P, 9, FALSE),"") -> 25900 | E74: MKN.30106 | F74: TOPING AYAM JAMUR | G74: 60 | H74: Gram | I74: =IFERROR(VLOOKUP(E74, 'Database Resto'!C:P, 13, FALSE),"") -> 83 | J74: =I74*1000 -> 83000 | K74: =IFERROR(VLOOKUP(E74, 'Database Resto'!C:P, 13, FALSE)* G74, 0) -> 4980 | L74: =IF(D74="","", IFERROR(SUM(K74:K82)/D74, "")) -> 0.40184703 | M74: =IF(D74="","", D74-SUM(K74:K82)) -> 15492.162 | N74: =IFERROR(M74/D74, ) -> 0.59815297 | P74: =IF(O74=0, G74*I74, G74*O74) -> 4980 | Q74: =IF(D74="","", IFERROR(SUM(P74:P82)/D74, "")) -> 0.40427592 | R74: =IF(D74="","", D74-SUM(P74:P82)) -> 15429.254 | S74: =IFERROR(R74/D74, ) -> 0.59572408
E75: MKN.30115 | F75: Gorengan Mie | G75: 1 | H75: Pcs | I75: =IFERROR(VLOOKUP(E75, 'Database Resto'!C:P, 13, FALSE),"") -> 279.96294 | J75: =I75 -> 279.96294 | K75: =IFERROR(VLOOKUP(E75, 'Database Resto'!C:P, 13, FALSE)* G75, 0) -> 279.96294 | P75: =IF(O75=0, G75*I75, G75*O75) -> 279.96294
E76: MKN.30126 | F76: Mie Basah | G76: 1 | H76: Pcs | I76: =IFERROR(VLOOKUP(E76, 'Database Resto'!C:P, 13, FALSE),"") -> 3000 | J76: =I76 -> 3000 | K76: =IFERROR(VLOOKUP(E76, 'Database Resto'!C:P, 13, FALSE)* G76, 0) -> 3000 | P76: =IF(O76=0, G76*I76, G76*O76) -> 3000
E77: MKN.30132 | F77: Pokcoy | G77: 25 | H77: Gram | I77: =IFERROR(VLOOKUP(E77, 'Database Resto'!C:P, 13, FALSE),"") -> 12.581668 | J77: =I77*1000 -> 12581.668 | K77: =IFERROR(VLOOKUP(E77, 'Database Resto'!C:P, 13, FALSE)* G77, 0) -> 314.54169 | O77: 15.098001 | P77: =IF(O77=0, G77*I77, G77*O77) -> 377.45003
E78: =IFERROR(__xludf.DUMMYFUNCTION("IF($C$4, FILTER(Pembungkus!B:E, Pembungkus!A:A=""Mie""), """") "),"") | I78: =IFERROR(VLOOKUP(E78, 'Database Resto'!C:P, 13, FALSE),"") | J78: =I78*1000 -> 0 | K78: =IFERROR(VLOOKUP(E78, 'Database Resto'!C:P, 13, FALSE)* G78, 0) -> 0 | P78: =IF(O78=0, G78*I78, G78*O78) -> 0
I79: =IFERROR(VLOOKUP(E79, 'Database Resto'!C:P, 13, FALSE),"") | J79: =I79*1000 -> 0 | K79: =IFERROR(VLOOKUP(E79, 'Database Resto'!C:P, 13, FALSE)* G79, 0) -> 0 | P79: =IF(O79=0, G79*I79, G79*O79) -> 0
I80: =IFERROR(VLOOKUP(E80, 'Database Resto'!C:P, 13, FALSE),"") | J80: =I80*1000 -> 0 | K80: =IFERROR(VLOOKUP(E80, 'Database Resto'!C:P, 13, FALSE)* G80, 0) -> 0 | P80: =IF(O80=0, G80*I80, G80*O80) -> 0
I81: =IFERROR(VLOOKUP(E81, 'Database Resto'!C:P, 13, FALSE),"") | J81: =I81 | K81: =IFERROR(VLOOKUP(E81, 'Database Resto'!C:P, 13, FALSE)* G81, 0) -> 0 | P81: =IF(O81=0, G81*I81, G81*O81) -> 0
E82: =IFERROR(__xludf.DUMMYFUNCTION("IF($E$3="""","""",IFERROR(FILTER(Pembungkus!B:E, Pembungkus!C:C=$E$3),""""))"),"MNMN.30100") -> MNMN.30100 | F82: =IFERROR(__xludf.DUMMYFUNCTION("""COMPUTED_VALUE"""),"Air Mineral") -> Air Mineral | G82: =IFERROR(__xludf.DUMMYFUNCTION("""COMPUTED_VALUE"""),1.0) -> 1 | H82: =IFERROR(__xludf.DUMMYFUNCTION("""COMPUTED_VALUE"""),"Btl") -> Btl | I82: =IFERROR(VLOOKUP(E82, 'Database Resto'!C:P, 13, FALSE),"") -> 1833.3333 | J82: =I82 -> 1833.3333 | K82: =IFERROR(VLOOKUP(E82, 'Database Resto'!C:P, 13, FALSE)* G82, 0) -> 1833.3333 | P82: =IF(O82=0, G82*I82, G82*O82) -> 1833.3333
D83: =D74 -> 25900 | I83: =IFERROR(VLOOKUP(E83, 'Database Resto'!C:P, 13, FALSE),"") | J83: =I83*1000 -> 0 | K83: =SUM(K74:K82) -> 10407.838 | L83: =IFERROR(K83/D74, 0) -> 0.40184703 | M83: =D74-K83 -> 15492.162 | N83: =IFERROR(M83/D83, ) -> 0.59815297 | P83: =SUM(P74:P82) -> 10470.746 | Q83: =IFERROR(P83/D74, 0) -> 0.40427592 | R83: =D74-P83 -> 15429.254 | S83: =IFERROR(R83/D83, ) -> 0.59572408
B84: MIE.003 NEW | C84: MIE AYAM KATSU | D84: =IFERROR(VLOOKUP(B84, 'Database Resto'!C:P, 9, FALSE),"") -> 25900 | E84: MKN.30101 | F84: Ayam Filet | G84: 1 | H84: Pcs | I84: =IFERROR(VLOOKUP(E84, 'Database Resto'!C:P, 13, FALSE),"") -> 3150 | J84: =I84 -> 3150 | K84: =IFERROR(VLOOKUP(E84, 'Database Resto'!C:P, 13, FALSE)* G84, 0) -> 3150 | L84: =IF(D84="","", IFERROR(SUM(K84:K92)/D84, "")) -> 0.33119065 | M84: =IF(D84="","", D84-SUM(K84:K92)) -> 17322.162 | N84: =IFERROR(M84/D84, ) -> 0.66880935 | P84: =IF(O84=0, G84*I84, G84*O84) -> 3150 | Q84: =IF(D84="","", IFERROR(SUM(P84:P92)/D84, "")) -> 0.33361955 | R84: =IF(D84="","", D84-SUM(P84:P92)) -> 17259.254 | S84: =IFERROR(R84/D84, ) -> 0.66638045
E85: MKN.30115 | F85: Gorengan Mie | G85: 1 | H85: Pcs | I85: =IFERROR(VLOOKUP(E85, 'Database Resto'!C:P, 13, FALSE),"") -> 279.96294 | J85: =I85 -> 279.96294 | K85: =IFERROR(VLOOKUP(E85, 'Database Resto'!C:P, 13, FALSE)* G85, 0) -> 279.96294 | P85: =IF(O85=0, G85*I85, G85*O85) -> 279.96294
E86: MKN.30126 | F86: Mie Basah | G86: 1 | H86: Pcs | I86: =IFERROR(VLOOKUP(E86, 'Database Resto'!C:P, 13, FALSE),"") -> 3000 | J86: =I86 -> 3000 | K86: =IFERROR(VLOOKUP(E86, 'Database Resto'!C:P, 13, FALSE)* G86, 0) -> 3000 | P86: =IF(O86=0, G86*I86, G86*O86) -> 3000
E87: MKN.30132 | F87: Pokcoy | G87: 25 | H87: Gram | I87: =IFERROR(VLOOKUP(E87, 'Database Resto'!C:P, 13, FALSE),"") -> 12.581668 | J87: =I87 -> 12.581668 | K87: =IFERROR(VLOOKUP(E87, 'Database Resto'!C:P, 13, FALSE)* G87, 0) -> 314.54169 | O87: 15.098001 | P87: =IF(O87=0, G87*I87, G87*O87) -> 377.45003
E88: =IFERROR(__xludf.DUMMYFUNCTION("IF($C$4, FILTER(Pembungkus!B:E, Pembungkus!A:A=""Mie""), """") "),"") | I88: =IFERROR(VLOOKUP(E88, 'Database Resto'!C:P, 13, FALSE),"") | J88: =I88*1000 -> 0 | K88: =IFERROR(VLOOKUP(E88, 'Database Resto'!C:P, 13, FALSE)* G88, 0) -> 0 | P88: =IF(O88=0, G88*I88, G88*O88) -> 0
I89: =IFERROR(VLOOKUP(E89, 'Database Resto'!C:P, 13, FALSE),"") | J89: =I89*1000 -> 0 | K89: =IFERROR(VLOOKUP(E89, 'Database Resto'!C:P, 13, FALSE)* G89, 0) -> 0 | P89: =IF(O89=0, G89*I89, G89*O89) -> 0
I90: =IFERROR(VLOOKUP(E90, 'Database Resto'!C:P, 13, FALSE),"") | J90: =I90*1000 -> 0 | K90: =IFERROR(VLOOKUP(E90, 'Database Resto'!C:P, 13, FALSE)* G90, 0) -> 0 | P90: =IF(O90=0, G90*I90, G90*O90) -> 0
I91: =IFERROR(VLOOKUP(E91, 'Database Resto'!C:P, 13, FALSE),"") | J91: =I91 | K91: =IFERROR(VLOOKUP(E91, 'Database Resto'!C:P, 13, FALSE)* G91, 0) -> 0 | P91: =IF(O91=0, G91*I91, G91*O91) -> 0
E92: =IFERROR(__xludf.DUMMYFUNCTION("IF($E$3="""","""",IFERROR(FILTER(Pembungkus!B:E, Pembungkus!C:C=$E$3),""""))"),"MNMN.30100") -> MNMN.30100 | F92: =IFERROR(__xludf.DUMMYFUNCTION("""COMPUTED_VALUE"""),"Air Mineral") -> Air Mineral | G92: =IFERROR(__xludf.DUMMYFUNCTION("""COMPUTED_VALUE"""),1.0) -> 1 | H92: =IFERROR(__xludf.DUMMYFUNCTION("""COMPUTED_VALUE"""),"Btl") -> Btl | I92: =IFERROR(VLOOKUP(E92, 'Database Resto'!C:P, 13, FALSE),"") -> 1833.3333 | J92: =I92 -> 1833.3333 | K92: =IFERROR(VLOOKUP(E92, 'Database Resto'!C:P, 13, FALSE)* G92, 0) -> 1833.3333 | P92: =IF(O92=0, G92*I92, G92*O92) -> 1833.3333
D93: =D84 -> 25900 | I93: =IFERROR(VLOOKUP(E93, 'Database Resto'!C:P, 13, FALSE),"") | J93: =I93*1000 -> 0 | K93: =SUM(K84:K92) -> 8577.838 | L93: =IFERROR(K93/D84, 0) -> 0.33119065 | M93: =D84-K93 -> 17322.162 | N93: =IFERROR(M93/D93, ) -> 0.66880935 | P93: =SUM(P84:P92) -> 8640.7463 | Q93: =IFERROR(P93/D84, 0) -> 0.33361955 | R93: =D84-P93 -> 17259.254 | S93: =IFERROR(R93/D93, ) -> 0.66638045
B94: MIE.004 NEW | C94: MIE SAPI MONSTERS | D94: 32900 | E94: MKN.30110 | F94: Bombay | G94: 52 | H94: Gram | I94: =IFERROR(VLOOKUP(E94, 'Database Resto'!C:P, 13, FALSE),"") -> 19.512707 | J94: =I94*1000 -> 19512.707 | K94: =IFERROR(VLOOKUP(E94, 'Database Resto'!C:P, 13, FALSE)* G94, 0) -> 1014.6607 | L94: =IF(D94="","", IFERROR(SUM(K94:K104)/D94, "")) -> 0.49109639 | M94: =IF(D94="","", D94-SUM(K94:K104)) -> 16742.929 | N94: =IFERROR(M94/D94, ) -> 0.50890361 | O94: 23.415248 | P94: =IF(O94=0, G94*I94, G94*O94) -> 1217.5929 | Q94: =IF(D94="","", IFERROR(SUM(P94:P104)/D94, "")) -> 0.52393722 | R94: =IF(D94="","", D94-SUM(P94:P104)) -> 15662.465 | S94: =IFERROR(R94/D94, ) -> 0.47606278
E95: MKN.30111 | F95: Daging Lowfat | G95: 70 | H95: Gram | I95: =IFERROR(VLOOKUP(E95, 'Database Resto'!C:P, 13, FALSE),"") -> 116.37467 | J95: =I95*1000 -> 116374.67 | K95: =IFERROR(VLOOKUP(E95, 'Database Resto'!C:P, 13, FALSE)* G95, 0) -> 8146.2266 | O95: 128.01213 | P95: =IF(O95=0, G95*I95, G95*O95) -> 8960.8492
E96: MKN.30115 | F96: Gorengan Mie | G96: 1 | H96: Pcs | I96: =IFERROR(VLOOKUP(E96, 'Database Resto'!C:P, 13, FALSE),"") -> 279.96294 | J96: =I96 -> 279.96294 | K96: =IFERROR(VLOOKUP(E96, 'Database Resto'!C:P, 13, FALSE)* G96, 0) -> 279.96294 | P96: =IF(O96=0, G96*I96, G96*O96) -> 279.96294
E97: MKN.30126 | F97: Mie Basah | G97: 1 | H97: Pcs | I97: =IFERROR(VLOOKUP(E97, 'Database Resto'!C:P, 13, FALSE),"") -> 3000 | J97: =I97 -> 3000 | K97: =IFERROR(VLOOKUP(E97, 'Database Resto'!C:P, 13, FALSE)* G97, 0) -> 3000 | P97: =IF(O97=0, G97*I97, G97*O97) -> 3000
E98: MKN.30132 | F98: Pokcoy | G98: 25 | H98: Gram | I98: =IFERROR(VLOOKUP(E98, 'Database Resto'!C:P, 13, FALSE),"") -> 12.581668 | J98: =I98*1000 -> 12581.668 | K98: =IFERROR(VLOOKUP(E98, 'Database Resto'!C:P, 13, FALSE)* G98, 0) -> 314.54169 | O98: 15.098001 | P98: =IF(O98=0, G98*I98, G98*O98) -> 377.45003
E99: MKN.30143 | F99: S. Vietnam | G99: 50 | H99: Gram | I99: =IFERROR(VLOOKUP(E99, 'Database Resto'!C:P, 13, FALSE),"") -> 31.366922 | J99: =I99*1000 -> 31366.922 | K99: =IFERROR(VLOOKUP(E99, 'Database Resto'!C:P, 13, FALSE)* G99, 0) -> 1568.3461 | P99: =IF(O99=0, G99*I99, G99*O99) -> 1568.3461
E100: =IFERROR(__xludf.DUMMYFUNCTION("IF($C$4, FILTER(Pembungkus!B:E, Pembungkus!A:A=""Mie""), """") "),"") | I100: =IFERROR(VLOOKUP(E100, 'Database Resto'!C:P, 13, FALSE),"") | J100: =I100*1000 -> 0 | K100: =IFERROR(VLOOKUP(E100, 'Database Resto'!C:P, 13, FALSE)* G100, 0) -> 0 | P100: =IF(O100=0, G100*I100, G100*O100) -> 0
I101: =IFERROR(VLOOKUP(E101, 'Database Resto'!C:P, 13, FALSE),"") | J101: =I101*1000 -> 0 | K101: =IFERROR(VLOOKUP(E101, 'Database Resto'!C:P, 13, FALSE)* G101, 0) -> 0 | P101: =IF(O101=0, G101*I101, G101*O101) -> 0
I102: =IFERROR(VLOOKUP(E102, 'Database Resto'!C:P, 13, FALSE),"") | J102: =I102*1000 -> 0 | K102: =IFERROR(VLOOKUP(E102, 'Database Resto'!C:P, 13, FALSE)* G102, 0) -> 0 | P102: =IF(O102=0, G102*I102, G102*O102) -> 0
I103: =IFERROR(VLOOKUP(E103, 'Database Resto'!C:P, 13, FALSE),"") | J103: =I103 | K103: =IFERROR(VLOOKUP(E103, 'Database Resto'!C:P, 13, FALSE)* G103, 0) -> 0 | P103: =IF(O103=0, G103*I103, G103*O103) -> 0
...

Sheet BPP Dapur
C1: Laporan Hpp Dapur
A5: Nama | B5: Harga | C5: QTY Jual | E5: Satuan Jual | F5: Rincian | G5: Qty | H5: Satuan | I5: Barang Jadi | J5: Satuan | K5: Kompres | O5: Rincian Harga | P5: BPP Per Jual | Q5: Perhitungan Harga Lama | T5: Satuan | U5: Perhitungan Harga Baru | X5: Atur Harga
C6: kompres Gr | D6: QTY Jual | K6: Satuan | L6: QTY /GR | M6: Harga Satuan | N6: Harga /KG | Q6: Laba | R6: Persentase | S6: Harga Jual Lama | U6: Harga Jual Baru | V6: Laba | W6: Persentase
A7: Saus Asam Manis | B7: =IFERROR(VLOOKUP(A7, 'Database Dapur'!C:D, 2, FALSE),"") -> 27000 | C7: =D7*1000 -> 1000 | D7: 1 | E7: =IFERROR(VLOOKUP(A7, 'Database Dapur'!C:F, 3, FALSE),"") -> Kg | F7: Sauce Sambal ABC @24kg | G7: 35 | H7: Gram | I7: 1000 | J7: Gram | K7: Kg | L7: 1000 | M7: {=IFERROR((_xlfn.XLOOKUP(TRIM(F7), TRIM('Database Dapur'!C:C), 'Database Dapur'!D:D)),"")} -> 26765 | N7: {=IFERROR((_xlfn.XLOOKUP(TRIM(F7), TRIM('Database Dapur'!C:C), 'Database Dapur'!D:D) / L7),"")*1000} -> 26765 | O7: {=IFERROR((_xlfn.XLOOKUP(TRIM(F7), TRIM('Database Dapur'!C:C), 'Database Dapur'!D:D) / L7) * G7, "")} -> 936.775 | P7: =O14/I7*C7 -> 15260.176 | Q7: =B7-P7 -> 11739.824 | R7: =(P7/B7) -> 0.56519171 | S7: =IFERROR(VLOOKUP(A7, 'Database Dapur'!C:D, 2, FALSE),"") -> 27000 | T7: =IFERROR(VLOOKUP(A7, 'Database Dapur'!C:F, 3, FALSE),"") -> Kg | U7: =S7-X7 -> 27000 | V7: =U7-P7 -> 11739.824 | W7: =(P7/U7) -> 0.56519171
F8: Gula Pasir | G8: 200 | H8: Gram | K8: Kg | L8: 1000 | M8: {=IFERROR((_xlfn.XLOOKUP(TRIM(F8), TRIM('Database Dapur'!C:C), 'Database Dapur'!D:D)),"")} -> 17200 | N8: {=IFERROR((_xlfn.XLOOKUP(TRIM(F8), TRIM('Database Dapur'!C:C), 'Database Dapur'!D:D) / L8),"")*1000} -> 17200 | O8: {=IFERROR((_xlfn.XLOOKUP(TRIM(F8), TRIM('Database Dapur'!C:C), 'Database Dapur'!D:D) / L8) * G8, "")} -> 3440
F9: Garam | G9: 10 | H9: Gram | K9: Kg | L9: 1000 | M9: {=IFERROR((_xlfn.XLOOKUP(TRIM(F9), TRIM('Database Dapur'!C:C), 'Database Dapur'!D:D)),"")} -> 6100 | N9: {=IFERROR((_xlfn.XLOOKUP(TRIM(F9), TRIM('Database Dapur'!C:C), 'Database Dapur'!D:D) / L9),"")*1000} -> 6100 | O9: {=IFERROR((_xlfn.XLOOKUP(TRIM(F9), TRIM('Database Dapur'!C:C), 'Database Dapur'!D:D) / L9) * G9, "")} -> 61
F10: Cuka Dixi @650ml | G10: 5 | H10: Gram | K10: Botol | L10: 650 | M10: {=IFERROR((_xlfn.XLOOKUP(TRIM(F10), TRIM('Database Dapur'!C:C), 'Database Dapur'!D:D)),"")} -> 15000 | N10: {=IFERROR((_xlfn.XLOOKUP(TRIM(F10), TRIM('Database Dapur'!C:C), 'Database Dapur'!D:D) / L10),"")*1000} -> 23076.923 | O10: {=IFERROR((_xlfn.XLOOKUP(TRIM(F10), TRIM('Database Dapur'!C:C), 'Database Dapur'!D:D) / L10) * G10, "")} -> 115.38462
F11: Plum Sauce @7ltr | G11: 50 | H11: Gram | K11: Pack | L11: 7000 | M11: {=IFERROR((_xlfn.XLOOKUP(TRIM(F11), TRIM('Database Dapur'!C:C), 'Database Dapur'!D:D)),"")} -> 550000 | N11: {=IFERROR((_xlfn.XLOOKUP(TRIM(F11), TRIM('Database Dapur'!C:C), 'Database Dapur'!D:D) / L11),"")*1000} -> 78571.429 | O11: {=IFERROR((_xlfn.XLOOKUP(TRIM(F11), TRIM('Database Dapur'!C:C), 'Database Dapur'!D:D) / L11) * G11, "")} -> 3928.5714
F12: Sauce Tomat ABC @5,7 | G12: 350 | H12: Gram | K12: Jrigen | L12: 5700 | M12: {=IFERROR((_xlfn.XLOOKUP(TRIM(F12), TRIM('Database Dapur'!C:C), 'Database Dapur'!D:D)),"")} -> 110391.82 | N12: {=IFERROR((_xlfn.XLOOKUP(TRIM(F12), TRIM('Database Dapur'!C:C), 'Database Dapur'!D:D) / L12),"")*1000} -> 19366.986 | O12: {=IFERROR((_xlfn.XLOOKUP(TRIM(F12), TRIM('Database Dapur'!C:C), 'Database Dapur'!D:D) / L12) * G12, "")} -> 6778.4451
F13: Air | G13: 450 | H13: Gram | M13: {=IFERROR((_xlfn.XLOOKUP(TRIM(F13), TRIM('Database Dapur'!C:C), 'Database Dapur'!D:D)),"")} | N13: {=IFERROR((_xlfn.XLOOKUP(TRIM(F13), TRIM('Database Dapur'!C:C), 'Database Dapur'!D:D) / L13),"")*1000} -> 0 | O13: {=IFERROR((_xlfn.XLOOKUP(TRIM(F13), TRIM('Database Dapur'!C:C), 'Database Dapur'!D:D) / L13) * G13, "")}
B14: =IFERROR(VLOOKUP(A14, 'Database Dapur'!C:D, 2, FALSE),"") | C14: =IFERROR(VLOOKUP(#REF!, 'Database Dapur'!A:D, 3, FALSE),"") | D14: =IFERROR(VLOOKUP(#REF!, 'Database Dapur'!B:E, 3, FALSE),"") | E14: =IFERROR(VLOOKUP(A14, 'Database Dapur'!C:F, 3, FALSE),"") | G14: =SUM(G7:G13) -> 1100 | M14: {=IFERROR((_xlfn.XLOOKUP(TRIM(F14), TRIM('Database Dapur'!C:C), 'Database Dapur'!D:D)),"")} | N14: {=IFERROR((_xlfn.XLOOKUP(TRIM(F14), TRIM('Database Dapur'!C:C), 'Database Dapur'!D:D) / L14),"")*1000} -> 0 | O14: =SUM(O7:O13) -> 15260.176 | U14: =S14-X14 -> 0
A15: Saus Lada Hitam | B15: =IFERROR(VLOOKUP(A15, 'Database Dapur'!C:D, 2, FALSE),"") -> 35000 | C15: =D15*1000 -> 1000 | D15: 1 | E15: =IFERROR(VLOOKUP(A15, 'Database Dapur'!C:F, 3, FALSE),"") -> Kg | F15: Gula Pasir | G15: 75 | H15: Gram | I15: 1000 | J15: Gram | K15: Kg | L15: 1000 | M15: {=IFERROR((_xlfn.XLOOKUP(TRIM(F15), TRIM('Database Dapur'!C:C), 'Database Dapur'!D:D)),"")} -> 17200 | N15: {=IFERROR((_xlfn.XLOOKUP(TRIM(F15), TRIM('Database Dapur'!C:C), 'Database Dapur'!D:D) / L15),"")*1000} -> 17200 | O15: {=IFERROR((_xlfn.XLOOKUP(TRIM(F15), TRIM('Database Dapur'!C:C), 'Database Dapur'!D:D) / L15) * G15, "")} -> 1290 | P15: =O23/I15*C15 -> 30175.363 | Q15: =B15-P15 -> 4824.6369 | R15: =(P15/B15) -> 0.86215323 | S15: =IFERROR(VLOOKUP(A15, 'Database Dapur'!C:D, 2, FALSE),"") -> 35000 | T15: =IFERROR(VLOOKUP(A15, 'Database Dapur'!C:F, 3, FALSE),"") -> Kg | U15: =S15-X15 -> 35000 | V15: =U15-P15 -> 4824.6369 | W15: =(P15/U15) -> 0.86215323
F16: Lada Hitam | G16: 60 | H16: Gram | K16: Kg | L16: 1000 | M16: {=IFERROR((_xlfn.XLOOKUP(TRIM(F16), TRIM('Database Dapur'!C:C), 'Database Dapur'!D:D)),"")} -> 142500 | N16: {=IFERROR((_xlfn.XLOOKUP(TRIM(F16), TRIM('Database Dapur'!C:C), 'Database Dapur'!D:D) / L16),"")*1000} -> 142500 | O16: {=IFERROR((_xlfn.XLOOKUP(TRIM(F16), TRIM('Database Dapur'!C:C), 'Database Dapur'!D:D) / L16) * G16, "")} -> 8550
F17: Maggi @800ml (6) | G17: 65 | H17: Gram | K17: Botol | L17: 800 | M17: {=IFERROR((_xlfn.XLOOKUP(TRIM(F17), TRIM('Database Dapur'!C:C), 'Database Dapur'!D:D)),"")} -> 71583 | N17: {=IFERROR((_xlfn.XLOOKUP(TRIM(F17), TRIM('Database Dapur'!C:C), 'Database Dapur'!D:D) / L17),"")*1000} -> 89478.75 | O17: {=IFERROR((_xlfn.XLOOKUP(TRIM(F17), TRIM('Database Dapur'!C:C), 'Database Dapur'!D:D) / L17) * G17, "")} -> 5816.1187
F18: Ajinomoto @1kg | G18: 50 | H18: Gram | K18: Kg | L18: 1000 | M18: {=IFERROR((_xlfn.XLOOKUP(TRIM(F18), TRIM('Database Dapur'!C:C), 'Database Dapur'!D:D)),"")} -> 44417 | N18: {=IFERROR((_xlfn.XLOOKUP(TRIM(F18), TRIM('Database Dapur'!C:C), 'Database Dapur'!D:D) / L18),"")*1000} -> 44417 | O18: {=IFERROR((_xlfn.XLOOKUP(TRIM(F18), TRIM('Database Dapur'!C:C), 'Database Dapur'!D:D) / L18) * G18, "")} -> 2220.85
F19: Susu UHT @946ml (12) | G19: 160 | H19: Gram | K19: Kg | L19: 1000 | M19: {=IFERROR((_xlfn.XLOOKUP(TRIM(F19), TRIM('Database Dapur'!C:C), 'Database Dapur'!D:D)),"")} -> 17250 | N19: {=IFERROR((_xlfn.XLOOKUP(TRIM(F19), TRIM('Database Dapur'!C:C), 'Database Dapur'!D:D) / L19),"")*1000} -> 17250 | O19: {=IFERROR((_xlfn.XLOOKUP(TRIM(F19), TRIM('Database Dapur'!C:C), 'Database Dapur'!D:D) / L19) * G19, "")} -> 2760
F20: Blue Band @4,5Kg | G20: 60 | H20: Gram | K20: Kg | L20: 1000 | M20: {=IFERROR((_xlfn.XLOOKUP(TRIM(F20), TRIM('Database Dapur'!C:C), 'Database Dapur'!D:D)),"")} -> 29860 | N20: {=IFERROR((_xlfn.XLOOKUP(TRIM(F20), TRIM('Database Dapur'!C:C), 'Database Dapur'!D:D) / L20),"")*1000} -> 29860 | O20: {=IFERROR((_xlfn.XLOOKUP(TRIM(F20), TRIM('Database Dapur'!C:C), 'Database Dapur'!D:D) / L20) * G20, "")} -> 1791.6
F21: Sauce Tomat ABC @5,7 | G21: 400 | H21: Gram | K21: Jrigen | L21: 5700 | M21: {=IFERROR((_xlfn.XLOOKUP(TRIM(F21), TRIM('Database Dapur'!C:C), 'Database Dapur'!D:D)),"")} -> 110391.82 | N21: {=IFERROR((_xlfn.XLOOKUP(TRIM(F21), TRIM('Database Dapur'!C:C), 'Database Dapur'!D:D) / L21),"")*1000} -> 19366.986 | O21: {=IFERROR((_xlfn.XLOOKUP(TRIM(F21), TRIM('Database Dapur'!C:C), 'Database Dapur'!D:D) / L21) * G21, "")} -> 7746.7944
F22: Air | G22: 2500 | H22: Gram | M22: {=IFERROR((_xlfn.XLOOKUP(TRIM(F22), TRIM('Database Dapur'!C:C), 'Database Dapur'!D:D)),"")} | N22: {=IFERROR((_xlfn.XLOOKUP(TRIM(F22), TRIM('Database Dapur'!C:C), 'Database Dapur'!D:D) / L22),"")*1000} -> 0 | O22: {=IFERROR((_xlfn.XLOOKUP(TRIM(F22), TRIM('Database Dapur'!C:C), 'Database Dapur'!D:D) / L22) * G22, "")}
B23: =IFERROR(VLOOKUP(A23, 'Database Dapur'!C:D, 2, FALSE),"") | C23: =IFERROR(VLOOKUP(#REF!, 'Database Dapur'!A:D, 3, FALSE),"") | D23: =IFERROR(VLOOKUP(#REF!, 'Database Dapur'!B:E, 3, FALSE),"") | E23: =IFERROR(VLOOKUP(A23, 'Database Dapur'!C:F, 3, FALSE),"") | G23: =SUM(G15:G22) -> 3370 | M23: {=IFERROR((_xlfn.XLOOKUP(TRIM(F23), TRIM('Database Dapur'!C:C), 'Database Dapur'!D:D)),"")} | N23: {=IFERROR((_xlfn.XLOOKUP(TRIM(F23), TRIM('Database Dapur'!C:C), 'Database Dapur'!D:D) / L23),"")*1000} -> 0 | O23: =SUM(O15:O22) -> 30175.363 | U23: =S23-X23 -> 0
A24: Saus Hot Sapi | B24: =IFERROR(VLOOKUP(A24, 'Database Dapur'!C:D, 2, FALSE),"") -> 38000 | C24: =D24*1000 -> 1000 | D24: 1 | E24: =IFERROR(VLOOKUP(A24, 'Database Dapur'!C:F, 3, FALSE),"") -> Kg | F24: Saus Asam Manis | G24: 160 | H24: Gram | I24: 1000 | J24: Gram | K24: Kg | L24: 1000 | M24: {=IFERROR((_xlfn.XLOOKUP(TRIM(F24), TRIM('Database Dapur'!C:C), 'Database Dapur'!D:D)),"")} -> 27000 | N24: {=IFERROR((_xlfn.XLOOKUP(TRIM(F24), TRIM('Database Dapur'!C:C), 'Database Dapur'!D:D) / L24),"")*1000} -> 27000 | O24: {=IFERROR((_xlfn.XLOOKUP(TRIM(F24), TRIM('Database Dapur'!C:C), 'Database Dapur'!D:D) / L24) * G24, "")} -> 4320 | P24: =O33/I24*C24 -> 31777.796 | Q24: =B24-P24 -> 6222.2041 | R24: =(P24/B24) -> 0.83625779 | S24: =IFERROR(VLOOKUP(A24, 'Database Dapur'!C:D, 2, FALSE),"") -> 38000 | T24: =IFERROR(VLOOKUP(A24, 'Database Dapur'!C:F, 3, FALSE),"") -> Kg | U24: =S24-X24 -> 38000 | V24: =U24-P24 -> 6222.2041 | W24: =(P24/U24) -> 0.83625779
F25: Bawang Putih Cincang | G25: 80 | H25: Gram | K25: Kg | L25: 1000 | M25: {=IFERROR((_xlfn.XLOOKUP(TRIM(F25), TRIM('Database Dapur'!C:C), 'Database Dapur'!D:D)),"")} -> 37000 | N25: {=IFERROR((_xlfn.XLOOKUP(TRIM(F25), TRIM('Database Dapur'!C:C), 'Database Dapur'!D:D) / L25),"")*1000} -> 37000 | O25: {=IFERROR((_xlfn.XLOOKUP(TRIM(F25), TRIM('Database Dapur'!C:C), 'Database Dapur'!D:D) / L25) * G25, "")} -> 2960
F26: Cabe Rawit Kecil | G26: 130 | H26: Gram | K26: Kg | L26: 1000 | M26: {=IFERROR((_xlfn.XLOOKUP(TRIM(F26), TRIM('Database Dapur'!C:C), 'Database Dapur'!D:D)),"")} -> 50000 | N26: {=IFERROR((_xlfn.XLOOKUP(TRIM(F26), TRIM('Database Dapur'!C:C), 'Database Dapur'!D:D) / L26),"")*1000} -> 50000 | O26: {=IFERROR((_xlfn.XLOOKUP(TRIM(F26), TRIM('Database Dapur'!C:C), 'Database Dapur'!D:D) / L26) * G26, "")} -> 6500
F27: My Taste BBQ Spicy Sauce @500gr | G27: 200 | H27: Gram | K27: Pcs | L27: 500 | M27: {=IFERROR((_xlfn.XLOOKUP(TRIM(F27), TRIM('Database Dapur'!C:C), 'Database Dapur'!D:D)),"")} -> 20000 | N27: {=IFERROR((_xlfn.XLOOKUP(TRIM(F27), TRIM('Database Dapur'!C:C), 'Database Dapur'!D:D) / L27),"")*1000} -> 40000 | O27: {=IFERROR((_xlfn.XLOOKUP(TRIM(F27), TRIM('Database Dapur'!C:C), 'Database Dapur'!D:D) / L27) * G27, "")} -> 8000
F28: My Taste Hickory Smoke @500gr | G28: 100 | H28: Gram | K28: Pcs | L28: 500 | M28: {=IFERROR((_xlfn.XLOOKUP(TRIM(F28), TRIM('Database Dapur'!C:C), 'Database Dapur'!D:D)),"")} -> 21300 | N28: {=IFERROR((_xlfn.XLOOKUP(TRIM(F28), TRIM('Database Dapur'!C:C), 'Database Dapur'!D:D) / L28),"")*1000} -> 42600 | O28: {=IFERROR((_xlfn.XLOOKUP(TRIM(F28), TRIM('Database Dapur'!C:C), 'Database Dapur'!D:D) / L28) * G28, "")} -> 4260
F29: Garam | G29: 20 | H29: Gram | K29: Kg | L29: 1000 | M29: {=IFERROR((_xlfn.XLOOKUP(TRIM(F29), TRIM('Database Dapur'!C:C), 'Database Dapur'!D:D)),"")} -> 6100 | N29: {=IFERROR((_xlfn.XLOOKUP(TRIM(F29), TRIM('Database Dapur'!C:C), 'Database Dapur'!D:D) / L29),"")*1000} -> 6100 | O29: {=IFERROR((_xlfn.XLOOKUP(TRIM(F29), TRIM('Database Dapur'!C:C), 'Database Dapur'!D:D) / L29) * G29, "")} -> 122
F30: Ajinomoto @1kg | G30: 20 | H30: Gram | K30: Kg | L30: 1000 | M30: {=IFERROR((_xlfn.XLOOKUP(TRIM(F30), TRIM('Database Dapur'!C:C), 'Database Dapur'!D:D)),"")} -> 44417 | N30: {=IFERROR((_xlfn.XLOOKUP(TRIM(F30), TRIM('Database Dapur'!C:C), 'Database Dapur'!D:D) / L30),"")*1000} -> 44417 | O30: {=IFERROR((_xlfn.XLOOKUP(TRIM(F30), TRIM('Database Dapur'!C:C), 'Database Dapur'!D:D) / L30) * G30, "")} -> 888.34
F31: Sauce Sambal ABC @5,5gr | G31: 180 | H31: Gram | K31: Jrigen | L31: 5500 | M31: {=IFERROR((_xlfn.XLOOKUP(TRIM(F31), TRIM('Database Dapur'!C:C), 'Database Dapur'!D:D)),"")} -> 144450.04 | N31: {=IFERROR((_xlfn.XLOOKUP(TRIM(F31), TRIM('Database Dapur'!C:C), 'Database Dapur'!D:D) / L31),"")*1000} -> 26263.644 | O31: {=IFERROR((_xlfn.XLOOKUP(TRIM(F31), TRIM('Database Dapur'!C:C), 'Database Dapur'!D:D) / L31) * G31, "")} -> 4727.4559
F32: Air | G32: 180 | H32: Gram | M32: {=IFERROR((_xlfn.XLOOKUP(TRIM(F32), TRIM('Database Dapur'!C:C), 'Database Dapur'!D:D)),"")} | N32: {=IFERROR((_xlfn.XLOOKUP(TRIM(F32), TRIM('Database Dapur'!C:C), 'Database Dapur'!D:D) / L32),"")*1000} -> 0 | O32: {=IFERROR((_xlfn.XLOOKUP(TRIM(F32), TRIM('Database Dapur'!C:C), 'Database Dapur'!D:D) / L32) * G32, "")}
B33: =IFERROR(VLOOKUP(A33, 'Database Dapur'!C:D, 2, FALSE),"") | C33: =IFERROR(VLOOKUP(#REF!, 'Database Dapur'!A:D, 3, FALSE),"") | D33: =IFERROR(VLOOKUP(#REF!, 'Database Dapur'!B:E, 3, FALSE),"") | E33: =IFERROR(VLOOKUP(A33, 'Database Dapur'!C:F, 3, FALSE),"") | G33: =SUM(G24:G32) -> 1070 | M33: {=IFERROR((_xlfn.XLOOKUP(TRIM(F33), TRIM('Database Dapur'!C:C), 'Database Dapur'!D:D)),"")} | N33: {=IFERROR((_xlfn.XLOOKUP(TRIM(F33), TRIM('Database Dapur'!C:C), 'Database Dapur'!D:D) / L33),"")*1000} -> 0 | O33: =SUM(O24:O32) -> 31777.796 | U33: =S33-X33 -> 0
A34: Saus Hot Ayam | B34: =IFERROR(VLOOKUP(A34, 'Database Dapur'!C:D, 2, FALSE),"") -> 38000 | C34: =D34*1000 -> 1000 | D34: 1 | E34: =IFERROR(VLOOKUP(A34, 'Database Dapur'!C:F, 3, FALSE),"") -> Kg | F34: Saus Asam Manis | G34: 350 | H34: Gram | I34: 1000 | J34: Gram | K34: Kg | L34: 1000 | M34: {=IFERROR((_xlfn.XLOOKUP(TRIM(F34), TRIM('Database Dapur'!C:C), 'Database Dapur'!D:D)),"")} -> 27000 | N34: {=IFERROR((_xlfn.XLOOKUP(TRIM(F34), TRIM('Database Dapur'!C:C), 'Database Dapur'!D:D) / L34),"")*1000} -> 27000 | O34: {=IFERROR((_xlfn.XLOOKUP(TRIM(F34), TRIM('Database Dapur'!C:C), 'Database Dapur'!D:D) / L34) * G34, "")} -> 9450 | P34: =O42/I34*C34 -> 31108.044 | Q34: =B34-P34 -> 6891.956 | R34: =(P34/B34) -> 0.81863274 | S34: =IFERROR(VLOOKUP(A34, 'Database Dapur'!C:D, 2, FALSE),"") -> 38000 | T34: =IFERROR(VLOOKUP(A34, 'Database Dapur'!C:F, 3, FALSE),"") -> Kg | U34: =S34-X34 -> 38000 | V34: =U34-P34 -> 6891.956 | W34: =(P34/U34) -> 0.81863274
F35: Cabe Rawit Kecil | G35: 80 | H35: Gram | K35: Kg | L35: 1000 | M35: {=IFERROR((_xlfn.XLOOKUP(TRIM(F35), TRIM('Database Dapur'!C:C), 'Database Dapur'!D:D)),"")} -> 50000 | N35: {=IFERROR((_xlfn.XLOOKUP(TRIM(F35), TRIM('Database Dapur'!C:C), 'Database Dapur'!D:D) / L35),"")*1000} -> 50000 | O35: {=IFERROR((_xlfn.XLOOKUP(TRIM(F35), TRIM('Database Dapur'!C:C), 'Database Dapur'!D:D) / L35) * G35, "")} -> 4000
F36: Sauce Hot Lava @6,2kg | G36: 200 | H36: Gram | K36: Pcs | L36: 6200 | M36: {=IFERROR((_xlfn.XLOOKUP(TRIM(F36), TRIM('Database Dapur'!C:C), 'Database Dapur'!D:D)),"")} -> 208800 | N36: {=IFERROR((_xlfn.XLOOKUP(TRIM(F36), TRIM('Database Dapur'!C:C), 'Database Dapur'!D:D) / L36),"")*1000} -> 33677.419 | O36: {=IFERROR((_xlfn.XLOOKUP(TRIM(F36), TRIM('Database Dapur'!C:C), 'Database Dapur'!D:D) / L36) * G36, "")} -> 6735.4839
F37: Sauce Hot Lava Volcano @6,2kg | G37: 200 | H37: Gram | K37: Pcs | L37: 6200 | M37: {=IFERROR((_xlfn.XLOOKUP(TRIM(F37), TRIM('Database Dapur'!C:C), 'Database Dapur'!D:D)),"")} -> 241900 | N37: {=IFERROR((_xlfn.XLOOKUP(TRIM(F37), TRIM('Database Dapur'!C:C), 'Database Dapur'!D:D) / L37),"")*1000} -> 39016.129 | O37: {=IFERROR((_xlfn.XLOOKUP(TRIM(F37), TRIM('Database Dapur'!C:C), 'Database Dapur'!D:D) / L37) * G37, "")} -> 7803.2258
F38: Garam | G38: 8 | H38: Gram | K38: Kg | L38: 1000 | M38: {=IFERROR((_xlfn.XLOOKUP(TRIM(F38), TRIM('Database Dapur'!C:C), 'Database Dapur'!D:D)),"")} -> 6100 | N38: {=IFERROR((_xlfn.XLOOKUP(TRIM(F38), TRIM('Database Dapur'!C:C), 'Database Dapur'!D:D) / L38),"")*1000} -> 6100 | O38: {=IFERROR((_xlfn.XLOOKUP(TRIM(F38), TRIM('Database Dapur'!C:C), 'Database Dapur'!D:D) / L38) * G38, "")} -> 48.8
F39: Ajinomoto @1kg | G39: 10 | H39: Gram | K39: Kg | L39: 1000 | M39: {=IFERROR((_xlfn.XLOOKUP(TRIM(F39), TRIM('Database Dapur'!C:C), 'Database Dapur'!D:D)),"")} -> 44417 | N39: {=IFERROR((_xlfn.XLOOKUP(TRIM(F39), TRIM('Database Dapur'!C:C), 'Database Dapur'!D:D) / L39),"")*1000} -> 44417 | O39: {=IFERROR((_xlfn.XLOOKUP(TRIM(F39), TRIM('Database Dapur'!C:C), 'Database Dapur'!D:D) / L39) * G39, "")} -> 444.17
F40: Sauce Sambal ABC @5,5gr | G40: 100 | H40: Gram | K40: Jrigen | L40: 5500 | M40: {=IFERROR((_xlfn.XLOOKUP(TRIM(F40), TRIM('Database Dapur'!C:C), 'Database Dapur'!D:D)),"")} -> 144450.04 | N40: {=IFERROR((_xlfn.XLOOKUP(TRIM(F40), TRIM('Database Dapur'!C:C), 'Database Dapur'!D:D) / L40),"")*1000} -> 26263.644 | O40: {=IFERROR((_xlfn.XLOOKUP(TRIM(F40), TRIM('Database Dapur'!C:C), 'Database Dapur'!D:D) / L40) * G40, "")} -> 2626.3644
F41: Air | G41: 120 | H41: Gram | M41: {=IFERROR((_xlfn.XLOOKUP(TRIM(F41), TRIM('Database Dapur'!C:C), 'Database Dapur'!D:D)),"")} | N41: {=IFERROR((_xlfn.XLOOKUP(TRIM(F41), TRIM('Database Dapur'!C:C), 'Database Dapur'!D:D) / L41),"")*1000} -> 0 | O41: {=IFERROR((_xlfn.XLOOKUP(TRIM(F41), TRIM('Database Dapur'!C:C), 'Database Dapur'!D:D) / L41) * G41, "")}
B42: =IFERROR(VLOOKUP(A42, 'Database Dapur'!C:D, 2, FALSE),"") | C42: =IFERROR(VLOOKUP(#REF!, 'Database Dapur'!A:D, 3, FALSE),"") | D42: =IFERROR(VLOOKUP(#REF!, 'Database Dapur'!B:E, 3, FALSE),"") | E42: =IFERROR(VLOOKUP(A42, 'Database Dapur'!C:F, 3, FALSE),"") | G42: =SUM(G34:G41) -> 1068 | M42: {=IFERROR((_xlfn.XLOOKUP(TRIM(F42), TRIM('Database Dapur'!C:C), 'Database Dapur'!D:D)),"")} | N42: {=IFERROR((_xlfn.XLOOKUP(TRIM(F42), TRIM('Database Dapur'!C:C), 'Database Dapur'!D:D) / L42),"")*1000} -> 0 | O42: =SUM(O34:O41) -> 31108.044 | U42: =S42-X42 -> 0
A43: Saus Vietnam | B43: =IFERROR(VLOOKUP(A43, 'Database Dapur'!C:D, 2, FALSE),"") -> 31000 | C43: =D43*1000 -> 1000 | D43: 1 | E43: =IFERROR(VLOOKUP(A43, 'Database Dapur'!C:F, 3, FALSE),"") -> Kg | F43: Bawang Putih Cincang | G43: 35 | H43: Gram | I43: 1000 | J43: Gram | K43: Kg | L43: 1000 | M43: {=IFERROR((_xlfn.XLOOKUP(TRIM(F43), TRIM('Database Dapur'!C:C), 'Database Dapur'!D:D)),"")} -> 37000 | N43: {=IFERROR((_xlfn.XLOOKUP(TRIM(F43), TRIM('Database Dapur'!C:C), 'Database Dapur'!D:D) / L43),"")*1000} -> 37000 | O43: {=IFERROR((_xlfn.XLOOKUP(TRIM(F43), TRIM('Database Dapur'!C:C), 'Database Dapur'!D:D) / L43) * G43, "")} -> 1295 | P43: =O58/I43*C43 -> 21028.975 | Q43: =B43-P43 -> 9971.0253 | R43: =(P43/B43) -> 0.67835402 | S43: =IFERROR(VLOOKUP(A43, 'Database Dapur'!C:D, 2, FALSE),"") -> 31000 | T43: =IFERROR(VLOOKUP(A43, 'Database Dapur'!C:F, 3, FALSE),"") -> Kg | U43: =S43-X43 -> 31000 | V43: =U43-P43 -> 9971.0253 | W43: =(P43/U43) -> 0.67835402
F44: Cabe Rawit Kecil | G44: 5 | H44: Gram | K44: Kg | L44: 1000 | M44: {=IFERROR((_xlfn.XLOOKUP(TRIM(F44), TRIM('Database Dapur'!C:C), 'Database Dapur'!D:D)),"")} -> 50000 | N44: {=IFERROR((_xlfn.XLOOKUP(TRIM(F44), TRIM('Database Dapur'!C:C), 'Database Dapur'!D:D) / L44),"")*1000} -> 50000 | O44: {=IFERROR((_xlfn.XLOOKUP(TRIM(F44), TRIM('Database Dapur'!C:C), 'Database Dapur'!D:D) / L44) * G44, "")} -> 250
F45: Gula Pasir | G45: 120 | H45: Gram | K45: Kg | L45: 1000 | M45: {=IFERROR((_xlfn.XLOOKUP(TRIM(F45), TRIM('Database Dapur'!C:C), 'Database Dapur'!D:D)),"")} -> 17200 | N45: {=IFERROR((_xlfn.XLOOKUP(TRIM(F45), TRIM('Database Dapur'!C:C), 'Database Dapur'!D:D) / L45),"")*1000} -> 17200 | O45: {=IFERROR((_xlfn.XLOOKUP(TRIM(F45), TRIM('Database Dapur'!C:C), 'Database Dapur'!D:D) / L45) * G45, "")} -> 2064
F46: Gula Batu @1kg (12) | G46: 30 | H46: Gram | K46: Kg | L46: 1000 | M46: {=IFERROR((_xlfn.XLOOKUP(TRIM(F46), TRIM('Database Dapur'!C:C), 'Database Dapur'!D:D)),"")} -> 45045 | N46: {=IFERROR((_xlfn.XLOOKUP(TRIM(F46), TRIM('Database Dapur'!C:C), 'Database Dapur'!D:D) / L46),"")*1000} -> 45045 | O46: {=IFERROR((_xlfn.XLOOKUP(TRIM(F46), TRIM('Database Dapur'!C:C), 'Database Dapur'!D:D) / L46) * G46, "")} -> 1351.35
F47: Kecap Asin ABC @6ltr | G47: 75 | H47: Gram | K47: jrigen | L47: 6000 | M47: {=IFERROR((_xlfn.XLOOKUP(TRIM(F47), TRIM('Database Dapur'!C:C), 'Database Dapur'!D:D)),"")} -> 81022.16 | N47: {=IFERROR((_xlfn.XLOOKUP(TRIM(F47), TRIM('Database Dapur'!C:C), 'Database Dapur'!D:D) / L47),"")*1000} -> 13503.693 | O47: {=IFERROR((_xlfn.XLOOKUP(TRIM(F47), TRIM('Database Dapur'!C:C), 'Database Dapur'!D:D) / L47) * G47, "")} -> 1012.777
F48: Kecap Manis @6ltr | G48: 40 | H48: Gram | K48: jrigen | L48: 6000 | M48: {=IFERROR((_xlfn.XLOOKUP(TRIM(F48), TRIM('Database Dapur'!C:C), 'Database Dapur'!D:D)),"")} -> 155404.02 | N48: {=IFERROR((_xlfn.XLOOKUP(TRIM(F48), TRIM('Database Dapur'!C:C), 'Database Dapur'!D:D) / L48),"")*1000} -> 25900.671 | O48: {=IFERROR((_xlfn.XLOOKUP(TRIM(F48), TRIM('Database Dapur'!C:C), 'Database Dapur'!D:D) / L48) * G48, "")} -> 1036.0268
F49: Saus Tiram @2,2kg | G49: 40 | H49: Gram | K49: Kaleng | L49: 2200 | M49: {=IFERROR((_xlfn.XLOOKUP(TRIM(F49), TRIM('Database Dapur'!C:C), 'Database Dapur'!D:D)),"")} -> 76488 | N49: {=IFERROR((_xlfn.XLOOKUP(TRIM(F49), TRIM('Database Dapur'!C:C), 'Database Dapur'!D:D) / L49),"")*1000} -> 34767.273 | O49: {=IFERROR((_xlfn.XLOOKUP(TRIM(F49), TRIM('Database Dapur'!C:C), 'Database Dapur'!D:D) / L49) * G49, "")} -> 1390.6909
F50: Ajinomoto @1kg | G50: 10 | H50: Gram | K50: Kg | L50: 1000 | M50: {=IFERROR((_xlfn.XLOOKUP(TRIM(F50), TRIM('Database Dapur'!C:C), 'Database Dapur'!D:D)),"")} -> 44417 | N50: {=IFERROR((_xlfn.XLOOKUP(TRIM(F50), TRIM('Database Dapur'!C:C), 'Database Dapur'!D:D) / L50),"")*1000} -> 44417 | O50: {=IFERROR((_xlfn.XLOOKUP(TRIM(F50), TRIM('Database Dapur'!C:C), 'Database Dapur'!D:D) / L50) * G50, "")} -> 444.17
F51: Minyak Ikan King Lobster @700ml (12) | G51: 40 | H51: Gram | K51: Botol | L51: 700 | M51: {=IFERROR((_xlfn.XLOOKUP(TRIM(F51), TRIM('Database Dapur'!C:C), 'Database Dapur'!D:D)),"")} -> 25834 | N51: {=IFERROR((_xlfn.XLOOKUP(TRIM(F51), TRIM('Database Dapur'!C:C), 'Database Dapur'!D:D) / L51),"")*1000} -> 36905.714 | O51: {=IFERROR((_xlfn.XLOOKUP(TRIM(F51), TRIM('Database Dapur'!C:C), 'Database Dapur'!D:D) / L51) * G51, "")} -> 1476.2286
F52: Chiken Powder | G52: 10 | H52: Gram | K52: Kg | L52: 1000 | M52: {=IFERROR((_xlfn.XLOOKUP(TRIM(F52), TRIM('Database Dapur'!C:C), 'Database Dapur'!D:D)),"")} -> 88000 | N52: {=IFERROR((_xlfn.XLOOKUP(TRIM(F52), TRIM('Database Dapur'!C:C), 'Database Dapur'!D:D) / L52),"")*1000} -> 88000 | O52: {=IFERROR((_xlfn.XLOOKUP(TRIM(F52), TRIM('Database Dapur'!C:C), 'Database Dapur'!D:D) / L52) * G52, "")} -> 880
F53: Malktosa (Gula Beko) @500gr (36) | G53: 60 | H53: Gram | K53: Pack | L53: 500 | M53: {=IFERROR((_xlfn.XLOOKUP(TRIM(F53), TRIM('Database Dapur'!C:C), 'Database Dapur'!D:D)),"")} -> 20750 | N53: {=IFERROR((_xlfn.XLOOKUP(TRIM(F53), TRIM('Database Dapur'!C:C), 'Database Dapur'!D:D) / L53),"")*1000} -> 41500 | O53: {=IFERROR((_xlfn.XLOOKUP(TRIM(F53), TRIM('Database Dapur'!C:C), 'Database Dapur'!D:D) / L53) * G53, "")} -> 2490
F54: Cuka Dixi @650ml | G54: 15 | H54: Gram | K54: Botol | L54: 650 | M54: {=IFERROR((_xlfn.XLOOKUP(TRIM(F54), TRIM('Database Dapur'!C:C), 'Database Dapur'!D:D)),"")} -> 15000 | N54: {=IFERROR((_xlfn.XLOOKUP(TRIM(F54), TRIM('Database Dapur'!C:C), 'Database Dapur'!D:D) / L54),"")*1000} -> 23076.923 | O54: {=IFERROR((_xlfn.XLOOKUP(TRIM(F54), TRIM('Database Dapur'!C:C), 'Database Dapur'!D:D) / L54) * G54, "")} -> 346.15385
F55: Sauce Sambal ABC @5,5gr | G55: 250 | H55: Gram | K55: Jrigen | L55: 5500 | M55: {=IFERROR((_xlfn.XLOOKUP(TRIM(F55), TRIM('Database Dapur'!C:C), 'Database Dapur'!D:D)),"")} -> 144450.04 | N55: {=IFERROR((_xlfn.XLOOKUP(TRIM(F55), TRIM('Database Dapur'!C:C), 'Database Dapur'!D:D) / L55),"")*1000} -> 26263.644 | O55: {=IFERROR((_xlfn.XLOOKUP(TRIM(F55), TRIM('Database Dapur'!C:C), 'Database Dapur'!D:D) / L55) * G55, "")} -> 6565.9109
F56: Kecap Hitam Jamur @600ml | G56: 8 | H56: Gram | K56: Btl | L56: 600 | M56: {=IFERROR((_xlfn.XLOOKUP(TRIM(F56), TRIM('Database Dapur'!C:C), 'Database Dapur'!D:D)),"")} -> 32000 | N56: {=IFERROR((_xlfn.XLOOKUP(TRIM(F56), TRIM('Database Dapur'!C:C), 'Database Dapur'!D:D) / L56),"")*1000} -> 53333.333 | O56: {=IFERROR((_xlfn.XLOOKUP(TRIM(F56), TRIM('Database Dapur'!C:C), 'Database Dapur'!D:D) / L56) * G56, "")} -> 426.66667
F57: Air | G57: 450 | H57: Gram | M57: {=IFERROR((_xlfn.XLOOKUP(TRIM(F57), TRIM('Database Dapur'!C:C), 'Database Dapur'!D:D)),"")} | N57: {=IFERROR((_xlfn.XLOOKUP(TRIM(F57), TRIM('Database Dapur'!C:C), 'Database Dapur'!D:D) / L57),"")*1000} -> 0 | O57: {=IFERROR((_xlfn.XLOOKUP(TRIM(F57), TRIM('Database Dapur'!C:C), 'Database Dapur'!D:D) / L57) * G57, "")}
B58: =IFERROR(VLOOKUP(A58, 'Database Dapur'!C:D, 2, FALSE),"") | C58: =IFERROR(VLOOKUP(#REF!, 'Database Dapur'!A:D, 3, FALSE),"") | D58: =IFERROR(VLOOKUP(#REF!, 'Database Dapur'!B:E, 3, FALSE),"") | E58: =IFERROR(VLOOKUP(A58, 'Database Dapur'!C:F, 3, FALSE),"") | G58: =SUM(G43:G57) -> 1188 | M58: {=IFERROR((_xlfn.XLOOKUP(TRIM(F58), TRIM('Database Dapur'!C:C), 'Database Dapur'!D:D)),"")} | N58: {=IFERROR((_xlfn.XLOOKUP(TRIM(F58), TRIM('Database Dapur'!C:C), 'Database Dapur'!D:D) / L58),"")*1000} -> 0 | O58: =SUM(O43:O57) -> 21028.975 | U58: =S58-X58 -> 0
A59: Saus Madu | B59: =IFERROR(VLOOKUP(A59, 'Database Dapur'!C:D, 2, FALSE),"") -> 38000 | C59: =D59*1000 -> 1000 | D59: 1 | E59: =IFERROR(VLOOKUP(A59, 'Database Dapur'!C:F, 3, FALSE),"") -> Kg | F59: Ajinomoto @1kg | G59: 15 | H59: Gram | I59: 1000 | J59: Gram | K59: Kg | L59: 1000 | M59: {=IFERROR((_xlfn.XLOOKUP(TRIM(F59), TRIM('Database Dapur'!C:C), 'Database Dapur'!D:D)),"")} -> 44417 | N59: {=IFERROR((_xlfn.XLOOKUP(TRIM(F59), TRIM('Database Dapur'!C:C), 'Database Dapur'!D:D) / L59),"")*1000} -> 44417 | O59: {=IFERROR((_xlfn.XLOOKUP(TRIM(F59), TRIM('Database Dapur'!C:C), 'Database Dapur'!D:D) / L59) * G59, "")} -> 666.255 | P59: =O68/I59*C59 -> 25780.903 | Q59: =B59-P59 -> 12219.097 | R59: =(P59/B59) -> 0.67844483 | S59: =IFERROR(VLOOKUP(A59, 'Database Dapur'!C:D, 2, FALSE),"") -> 38000 | T59: =IFERROR(VLOOKUP(A59, 'Database Dapur'!C:F, 3, FALSE),"") -> Kg | U59: =S59-X59 -> 38000 | V59: =U59-P59 -> 12219.097 | W59: =(P59/U59) -> 0.67844483
F60: Garam | G60: 6 | H60: Gram | K60: Kg | L60: 1000 | M60: {=IFERROR((_xlfn.XLOOKUP(TRIM(F60), TRIM('Database Dapur'!C:C), 'Database Dapur'!D:D)),"")} -> 6100 | N60: {=IFERROR((_xlfn.XLOOKUP(TRIM(F60), TRIM('Database Dapur'!C:C), 'Database Dapur'!D:D) / L60),"")*1000} -> 6100 | O60: {=IFERROR((_xlfn.XLOOKUP(TRIM(F60), TRIM('Database Dapur'!C:C), 'Database Dapur'!D:D) / L60) * G60, "")} -> 36.6
F61: Gula Pasir | G61: 310 | H61: Gram | K61: Kg | L61: 1000 | M61: {=IFERROR((_xlfn.XLOOKUP(TRIM(F61), TRIM('Database Dapur'!C:C), 'Database Dapur'!D:D)),"")} -> 17200 | N61: {=IFERROR((_xlfn.XLOOKUP(TRIM(F61), TRIM('Database Dapur'!C:C), 'Database Dapur'!D:D) / L61),"")*1000} -> 17200 | O61: {=IFERROR((_xlfn.XLOOKUP(TRIM(F61), TRIM('Database Dapur'!C:C), 'Database Dapur'!D:D) / L61) * G61, "")} -> 5332
F62: Kecap Asin ABC @6ltr | G62: 90 | H62: Gram | K62: jrigen | L62: 6000 | M62: {=IFERROR((_xlfn.XLOOKUP(TRIM(F62), TRIM('Database Dapur'!C:C), 'Database Dapur'!D:D)),"")} -> 81022.16 | N62: {=IFERROR((_xlfn.XLOOKUP(TRIM(F62), TRIM('Database Dapur'!C:C), 'Database Dapur'!D:D) / L62),"")*1000} -> 13503.693 | O62: {=IFERROR((_xlfn.XLOOKUP(TRIM(F62), TRIM('Database Dapur'!C:C), 'Database Dapur'!D:D) / L62) * G62, "")} -> 1215.3324
F63: Malktosa (Gula Beko) @500gr (36) | G63: 150 | H63: Gram | K63: Pack | L63: 500 | M63: {=IFERROR((_xlfn.XLOOKUP(TRIM(F63), TRIM('Database Dapur'!C:C), 'Database Dapur'!D:D)),"")} -> 20750 | N63: {=IFERROR((_xlfn.XLOOKUP(TRIM(F63), TRIM('Database Dapur'!C:C), 'Database Dapur'!D:D) / L63),"")*1000} -> 41500 | O63: {=IFERROR((_xlfn.XLOOKUP(TRIM(F63), TRIM('Database Dapur'!C:C), 'Database Dapur'!D:D) / L63) * G63, "")} -> 6225
F64: Plum Sauce @7ltr | G64: 45 | H64: Gram | K64: Pack | L64: 7000 | M64: {=IFERROR((_xlfn.XLOOKUP(TRIM(F64), TRIM('Database Dapur'!C:C), 'Database Dapur'!D:D)),"")} -> 550000 | N64: {=IFERROR((_xlfn.XLOOKUP(TRIM(F64), TRIM('Database Dapur'!C:C), 'Database Dapur'!D:D) / L64),"")*1000} -> 78571.429 | O64: {=IFERROR((_xlfn.XLOOKUP(TRIM(F64), TRIM('Database Dapur'!C:C), 'Database Dapur'!D:D) / L64) * G64, "")} -> 3535.7143
F65: Sauce Sambal ABC @5,5gr | G65: 90 | H65: Gram | K65: Jrigen | L65: 5500 | M65: {=IFERROR((_xlfn.XLOOKUP(TRIM(F65), TRIM('Database Dapur'!C:C), 'Database Dapur'!D:D)),"")} -> 144450.04 | N65: {=IFERROR((_xlfn.XLOOKUP(TRIM(F65), TRIM('Database Dapur'!C:C), 'Database Dapur'!D:D) / L65),"")*1000} -> 26263.644 | O65: {=IFERROR((_xlfn.XLOOKUP(TRIM(F65), TRIM('Database Dapur'!C:C), 'Database Dapur'!D:D) / L65) * G65, "")} -> 2363.7279
F66: Sauce Tomat ABC @5,7 | G66: 250 | H66: Gram | K66: Jrigen | L66: 5700 | M66: {=IFERROR((_xlfn.XLOOKUP(TRIM(F66), TRIM('Database Dapur'!C:C), 'Database Dapur'!D:D)),"")} -> 110391.82 | N66: {=IFERROR((_xlfn.XLOOKUP(TRIM(F66), TRIM('Database Dapur'!C:C), 'Database Dapur'!D:D) / L66),"")*1000} -> 19366.986 | O66: {=IFERROR((_xlfn.XLOOKUP(TRIM(F66), TRIM('Database Dapur'!C:C), 'Database Dapur'!D:D) / L66) * G66, "")} -> 4841.7465
F67: Saus Tiram @2,2kg | G67: 45 | H67: Gram | K67: Kaleng | L67: 2200 | M67: {=IFERROR((_xlfn.XLOOKUP(TRIM(F67), TRIM('Database Dapur'!C:C), 'Database Dapur'!D:D)),"")} -> 76488 | N67: {=IFERROR((_xlfn.XLOOKUP(TRIM(F67), TRIM('Database Dapur'!C:C), 'Database Dapur'!D:D) / L67),"")*1000} -> 34767.273 | O67: {=IFERROR((_xlfn.XLOOKUP(TRIM(F67), TRIM('Database Dapur'!C:C), 'Database Dapur'!D:D) / L67) * G67, "")} -> 1564.5273
B68: =IFERROR(VLOOKUP(A68, 'Database Dapur'!C:D, 2, FALSE),"") | C68: =IFERROR(VLOOKUP(#REF!, 'Database Dapur'!A:D, 3, FALSE),"") | D68: =IFERROR(VLOOKUP(#REF!, 'Database Dapur'!B:E, 3, FALSE),"") | E68: =IFERROR(VLOOKUP(A68, 'Database Dapur'!C:F, 3, FALSE),"") | G68: =SUM(G59:G67) -> 1001 | M68: {=IFERROR((_xlfn.XLOOKUP(TRIM(F68), TRIM('Database Dapur'!C:C), 'Database Dapur'!D:D)),"")} | N68: {=IFERROR((_xlfn.XLOOKUP(TRIM(F68), TRIM('Database Dapur'!C:C), 'Database Dapur'!D:D) / L68),"")*1000} -> 0 | O68: =SUM(O59:O67) -> 25780.903 | U68: =S68-X68 -> 0
A69: Sambel Jawa | B69: =IFERROR(VLOOKUP(A69, 'Database Dapur'!C:D, 2, FALSE),"") -> 45000 | C69: =D69*1000 -> 1000 | D69: 1 | E69: =IFERROR(VLOOKUP(A69, 'Database Dapur'!C:F, 3, FALSE),"") -> Kg | F69: Ajinomoto @1kg | G69: 100 | H69: Gram | I69: 900 | J69: Gram | K69: Kg | L69: 1000 | M69: {=IFERROR((_xlfn.XLOOKUP(TRIM(F69), TRIM('Database Dapur'!C:C), 'Database Dapur'!D:D)),"")} -> 44417 | N69: {=IFERROR((_xlfn.XLOOKUP(TRIM(F69), TRIM('Database Dapur'!C:C), 'Database Dapur'!D:D) / L69),"")*1000} -> 44417 | O69: {=IFERROR((_xlfn.XLOOKUP(TRIM(F69), TRIM('Database Dapur'!C:C), 'Database Dapur'!D:D) / L69) * G69, "")} -> 4441.7 | P69: =O78/I69*C69 -> 39194.753 | Q69: =B69-P69 -> 5805.2474 | R69: =(P69/B69) -> 0.8709945 | S69: =IFERROR(VLOOKUP(A69, 'Database Dapur'!C:D, 2, FALSE),"") -> 45000 | T69: =IFERROR(VLOOKUP(A69, 'Database Dapur'!C:F, 3, FALSE),"") -> Kg | U69: =S69-X69 -> 45000 | V69: =U69-P69 -> 5805.2474 | W69: =(P69/U69) -> 0.8709945
F70: Bawang Merah | G70: 160 | H70: Gram | K70: Kg | L70: 1000 | M70: {=IFERROR((_xlfn.XLOOKUP(TRIM(F70), TRIM('Database Dapur'!C:C), 'Database Dapur'!D:D)),"")} -> 43500 | N70: {=IFERROR((_xlfn.XLOOKUP(TRIM(F70), TRIM('Database Dapur'!C:C), 'Database Dapur'!D:D) / L70),"")*1000} -> 43500 | O70: {=IFERROR((_xlfn.XLOOKUP(TRIM(F70), TRIM('Database Dapur'!C:C), 'Database Dapur'!D:D) / L70) * G70, "")} -> 6960
F71: Cabe Rawit Kecil | G71: 330 | H71: Gram | K71: Kg | L71: 1000 | M71: {=IFERROR((_xlfn.XLOOKUP(TRIM(F71), TRIM('Database Dapur'!C:C), 'Database Dapur'!D:D)),"")} -> 50000 | N71: {=IFERROR((_xlfn.XLOOKUP(TRIM(F71), TRIM('Database Dapur'!C:C), 'Database Dapur'!D:D) / L71),"")*1000} -> 50000 | O71: {=IFERROR((_xlfn.XLOOKUP(TRIM(F71), TRIM('Database Dapur'!C:C), 'Database Dapur'!D:D) / L71) * G71, "")} -> 16500
F72: Garam | G72: 10 | H72: Gram | K72: Kg | L72: 1000 | M72: {=IFERROR((_xlfn.XLOOKUP(TRIM(F72), TRIM('Database Dapur'!C:C), 'Database Dapur'!D:D)),"")} -> 6100 | N72: {=IFERROR((_xlfn.XLOOKUP(TRIM(F72), TRIM('Database Dapur'!C:C), 'Database Dapur'!D:D) / L72),"")*1000} -> 6100 | O72: {=IFERROR((_xlfn.XLOOKUP(TRIM(F72), TRIM('Database Dapur'!C:C), 'Database Dapur'!D:D) / L72) * G72, "")} -> 61
F73: Gula Pasir | G73: 30 | H73: Gram | K73: Kg | L73: 1000 | M73: {=IFERROR((_xlfn.XLOOKUP(TRIM(F73), TRIM('Database Dapur'!C:C), 'Database Dapur'!D:D)),"")} -> 17200 | N73: {=IFERROR((_xlfn.XLOOKUP(TRIM(F73), TRIM('Database Dapur'!C:C), 'Database Dapur'!D:D) / L73),"")*1000} -> 17200 | O73: {=IFERROR((_xlfn.XLOOKUP(TRIM(F73), TRIM('Database Dapur'!C:C), 'Database Dapur'!D:D) / L73) * G73, "")} -> 516
F74: Minyak Ikan King Lobster @700ml (12) | G74: 80 | H74: Gram | K74: Botol | L74: 700 | M74: {=IFERROR((_xlfn.XLOOKUP(TRIM(F74), TRIM('Database Dapur'!C:C), 'Database Dapur'!D:D)),"")} -> 25834 | N74: {=IFERROR((_xlfn.XLOOKUP(TRIM(F74), TRIM('Database Dapur'!C:C), 'Database Dapur'!D:D) / L74),"")*1000} -> 36905.714 | O74: {=IFERROR((_xlfn.XLOOKUP(TRIM(F74), TRIM('Database Dapur'!C:C), 'Database Dapur'!D:D) / L74) * G74, "")} -> 2952.4571
F75: Sauce Sambal ABC @5,5gr | G75: 80 | H75: Gram | K75: Jrigen | L75: 5500 | M75: {=IFERROR((_xlfn.XLOOKUP(TRIM(F75), TRIM('Database Dapur'!C:C), 'Database Dapur'!D:D)),"")} -> 144450.04 | N75: {=IFERROR((_xlfn.XLOOKUP(TRIM(F75), TRIM('Database Dapur'!C:C), 'Database Dapur'!D:D) / L75),"")*1000} -> 26263.644 | O75: {=IFERROR((_xlfn.XLOOKUP(TRIM(F75), TRIM('Database Dapur'!C:C), 'Database Dapur'!D:D) / L75) * G75, "")} -> 2101.0915
F76: Sauce Tomat ABC @5,7 | G76: 90 | H76: Gram | K76: Jrigen | L76: 5700 | M76: {=IFERROR((_xlfn.XLOOKUP(TRIM(F76), TRIM('Database Dapur'!C:C), 'Database Dapur'!D:D)),"")} -> 110391.82 | N76: {=IFERROR((_xlfn.XLOOKUP(TRIM(F76), TRIM('Database Dapur'!C:C), 'Database Dapur'!D:D) / L76),"")*1000} -> 19366.986 | O76: {=IFERROR((_xlfn.XLOOKUP(TRIM(F76), TRIM('Database Dapur'!C:C), 'Database Dapur'!D:D) / L76) * G76, "")} -> 1743.0287
F77: Air | G77: 170 | H77: Gram | M77: {=IFERROR((_xlfn.XLOOKUP(TRIM(F77), TRIM('Database Dapur'!C:C), 'Database Dapur'!D:D)),"")} | N77: {=IFERROR((_xlfn.XLOOKUP(TRIM(F77), TRIM('Database Dapur'!C:C), 'Database Dapur'!D:D) / L77),"")*1000} -> 0 | O77: {=IFERROR((_xlfn.XLOOKUP(TRIM(F77), TRIM('Database Dapur'!C:C), 'Database Dapur'!D:D) / L77) * G77, "")}
B78: =IFERROR(VLOOKUP(A78, 'Database Dapur'!C:D, 2, FALSE),"") | C78: =IFERROR(VLOOKUP(#REF!, 'Database Dapur'!A:D, 3, FALSE),"") | D78: =IFERROR(VLOOKUP(#REF!, 'Database Dapur'!B:E, 3, FALSE),"") | E78: =IFERROR(VLOOKUP(A78, 'Database Dapur'!C:F, 3, FALSE),"") | G78: =SUM(G69:G77) -> 1050 | M78: {=IFERROR((_xlfn.XLOOKUP(TRIM(F78), TRIM('Database Dapur'!C:C), 'Database Dapur'!D:D)),"")} | N78: {=IFERROR((_xlfn.XLOOKUP(TRIM(F78), TRIM('Database Dapur'!C:C), 'Database Dapur'!D:D) / L78),"")*1000} -> 0 | O78: =SUM(O69:O77) -> 35275.277 | U78: =S78-X78 -> 0
A79: Saus Teriyaki | B79: =IFERROR(VLOOKUP(A79, 'Database Dapur'!C:D, 2, FALSE),"") -> 36000 | C79: =D79*1000 -> 1000 | D79: 1 | E79: =IFERROR(VLOOKUP(A79, 'Database Dapur'!C:F, 3, FALSE),"") -> Kg | F79: Gula Pasir | G79: 230 | H79: Gram | I79: 950 | J79: Gram | K79: Kg | L79: 1000 | M79: {=IFERROR((_xlfn.XLOOKUP(TRIM(F79), TRIM('Database Dapur'!C:C), 'Database Dapur'!D:D)),"")} -> 17200 | N79: {=IFERROR((_xlfn.XLOOKUP(TRIM(F79), TRIM('Database Dapur'!C:C), 'Database Dapur'!D:D) / L79),"")*1000} -> 17200 | O79: {=IFERROR((_xlfn.XLOOKUP(TRIM(F79), TRIM('Database Dapur'!C:C), 'Database Dapur'!D:D) / L79) * G79, "")} -> 3956 | P79: =O85/I79*C79 -> 25564.604 | Q79: =B79-P79 -> 10435.396 | R79: =(P79/B79) -> 0.7101279 | S79: =IFERROR(VLOOKUP(A79, 'Database Dapur'!C:D, 2, FALSE),"") -> 36000 | T79: =IFERROR(VLOOKUP(A79, 'Database Dapur'!C:F, 3, FALSE),"") -> Kg | U79: =S79-X79 -> 36000 | V79: =U79-P79 -> 10435.396 | W79: =(P79/U79) -> 0.7101279
F80: Kecap Manis @6ltr | G80: 140 | H80: Gram | K80: jrigen | L80: 6000 | M80: {=IFERROR((_xlfn.XLOOKUP(TRIM(F80), TRIM('Database Dapur'!C:C), 'Database Dapur'!D:D)),"")} -> 155404.02 | N80: {=IFERROR((_xlfn.XLOOKUP(TRIM(F80), TRIM('Database Dapur'!C:C), 'Database Dapur'!D:D) / L80),"")*1000} -> 25900.671 | O80: {=IFERROR((_xlfn.XLOOKUP(TRIM(F80), TRIM('Database Dapur'!C:C), 'Database Dapur'!D:D) / L80) * G80, "")} -> 3626.0939
F81: Kikkoman @18ltr | G81: 140 | H81: Gram | K81: Ctn | L81: 18000 | M81: {=IFERROR((_xlfn.XLOOKUP(TRIM(F81), TRIM('Database Dapur'!C:C), 'Database Dapur'!D:D)),"")} -> 1250000 | N81: {=IFERROR((_xlfn.XLOOKUP(TRIM(F81), TRIM('Database Dapur'!C:C), 'Database Dapur'!D:D) / L81),"")*1000} -> 69444.444 | O81: {=IFERROR((_xlfn.XLOOKUP(TRIM(F81), TRIM('Database Dapur'!C:C), 'Database Dapur'!D:D) / L81) * G81, "")} -> 9722.2222
F82: Sauce Tomat ABC @5,7 | G82: 140 | H82: Gram | K82: Jrigen | L82: 5700 | M82: {=IFERROR((_xlfn.XLOOKUP(TRIM(F82), TRIM('Database Dapur'!C:C), 'Database Dapur'!D:D)),"")} -> 110391.82 | N82: {=IFERROR((_xlfn.XLOOKUP(TRIM(F82), TRIM('Database Dapur'!C:C), 'Database Dapur'!D:D) / L82),"")*1000} -> 19366.986 | O82: {=IFERROR((_xlfn.XLOOKUP(TRIM(F82), TRIM('Database Dapur'!C:C), 'Database Dapur'!D:D) / L82) * G82, "")} -> 2711.378
F83: Kacang Teriyaki | G83: 100 | H83: Gram | K83: Gram | L83: 1000 | M83: {=IFERROR((_xlfn.XLOOKUP(TRIM(F83), TRIM('Database Dapur'!C:C), 'Database Dapur'!D:D)),"")} -> 42706.8 | N83: {=IFERROR((_xlfn.XLOOKUP(TRIM(F83), TRIM('Database Dapur'!C:C), 'Database Dapur'!D:D) / L83),"")*1000} -> 42706.8 | O83: {=IFERROR((_xlfn.XLOOKUP(TRIM(F83), TRIM('Database Dapur'!C:C), 'Database Dapur'!D:D) / L83) * G83, "")} -> 4270.68
F84: Air | G84: 340 | M84: {=IFERROR((_xlfn.XLOOKUP(TRIM(F84), TRIM('Database Dapur'!C:C), 'Database Dapur'!D:D)),"")} | N84: {=IFERROR((_xlfn.XLOOKUP(TRIM(F84), TRIM('Database Dapur'!C:C), 'Database Dapur'!D:D) / L84),"")*1000} -> 0 | O84: {=IFERROR((_xlfn.XLOOKUP(TRIM(F84), TRIM('Database Dapur'!C:C), 'Database Dapur'!D:D) / L84) * G84, "")}
B85: =IFERROR(VLOOKUP(A85, 'Database Dapur'!C:D, 2, FALSE),"") | C85: =IFERROR(VLOOKUP(#REF!, 'Database Dapur'!A:D, 3, FALSE),"") | D85: =IFERROR(VLOOKUP(#REF!, 'Database Dapur'!B:E, 3, FALSE),"") | E85: =IFERROR(VLOOKUP(A85, 'Database Dapur'!C:F, 3, FALSE),"") | G85: =SUM(G79:G84) -> 1090 | M85: {=IFERROR((_xlfn.XLOOKUP(TRIM(F85), TRIM('Database Dapur'!C:C), 'Database Dapur'!D:D)),"")} | N85: {=IFERROR((_xlfn.XLOOKUP(TRIM(F85), TRIM('Database Dapur'!C:C), 'Database Dapur'!D:D) / L85),"")*1000} -> 0 | O85: =SUM(O79:O84) -> 24286.374 | U85: =S85-X85 -> 0
A86: Kacang Teriyaki | B86: =IFERROR(VLOOKUP(A86, 'Database Dapur'!C:D, 2, FALSE),"") -> 42706.8 | C86: =D86*1000 -> 0 | D86: =IFERROR(VLOOKUP(#REF!, 'Database Dapur'!B:E, 3, FALSE),"") | E86: =IFERROR(VLOOKUP(A86, 'Database Dapur'!C:F, 3, FALSE),"") -> Kg | F86: Blue Band @4,5Kg | G86: 100 | H86: Gram | I86: 7500 | J86: Gram | K86: Kg | L86: 1000 | M86: {=IFERROR((_xlfn.XLOOKUP(TRIM(F86), TRIM('Database Dapur'!C:C), 'Database Dapur'!D:D)),"")} -> 29860 | N86: {=IFERROR((_xlfn.XLOOKUP(TRIM(F86), TRIM('Database Dapur'!C:C), 'Database Dapur'!D:D) / L86),"")*1000} -> 29860 | O86: {=IFERROR((_xlfn.XLOOKUP(TRIM(F86), TRIM('Database Dapur'!C:C), 'Database Dapur'!D:D) / L86) * G86, "")} -> 2986 | P86: =O89/I86*C86 -> 0 | Q86: =B86-P86 -> 42706.8 | R86: =(P86/B86) -> 0 | S86: =IFERROR(VLOOKUP(A86, 'Database Dapur'!C:D, 2, FALSE),"") -> 42706.8 | T86: =IFERROR(VLOOKUP(A86, 'Database Dapur'!C:F, 3, FALSE),"") -> Kg | U86: =S86-X86 -> 42706.8 | V86: =U86-P86 -> 42706.8 | W86: =(P86/U86) -> 0
F87: Gula Pasir | G87: 1750 | H87: Gram | K87: Kg | L87: 1000 | M87: {=IFERROR((_xlfn.XLOOKUP(TRIM(F87), TRIM('Database Dapur'!C:C), 'Database Dapur'!D:D)),"")} -> 17200 | N87: {=IFERROR((_xlfn.XLOOKUP(TRIM(F87), TRIM('Database Dapur'!C:C), 'Database Dapur'!D:D) / L87),"")*1000} -> 17200 | O87: {=IFERROR((_xlfn.XLOOKUP(TRIM(F87), TRIM('Database Dapur'!C:C), 'Database Dapur'!D:D) / L87) * G87, "")} -> 30100
F88: Kacang Mentah (Panggang) | G88: 5000 | H88: Gram | K88: Kg | L88: 1000 | M88: {=IFERROR((_xlfn.XLOOKUP(TRIM(F88), TRIM('Database Dapur'!C:C), 'Database Dapur'!D:D)),"")} -> 57443 | N88: {=IFERROR((_xlfn.XLOOKUP(TRIM(F88), TRIM('Database Dapur'!C:C), 'Database Dapur'!D:D) / L88),"")*1000} -> 57443 | O88: {=IFERROR((_xlfn.XLOOKUP(TRIM(F88), TRIM('Database Dapur'!C:C), 'Database Dapur'!D:D) / L88) * G88, "")} -> 287215
B89: =IFERROR(VLOOKUP(A89, 'Database Dapur'!C:D, 2, FALSE),"") | C89: =IFERROR(VLOOKUP(#REF!, 'Database Dapur'!A:D, 3, FALSE),"") | D89: =IFERROR(VLOOKUP(#REF!, 'Database Dapur'!B:E, 3, FALSE),"") | E89: =IFERROR(VLOOKUP(A89, 'Database Dapur'!C:F, 3, FALSE),"") | G89: =SUM(G86:G88) -> 6850 | M89: {=IFERROR((_xlfn.XLOOKUP(TRIM(F89), TRIM('Database Dapur'!C:C), 'Database Dapur'!D:D)),"")} | N89: {=IFERROR((_xlfn.XLOOKUP(TRIM(F89), TRIM('Database Dapur'!C:C), 'Database Dapur'!D:D) / L89),"")*1000} -> 0 | O89: =SUM(O86:O88) -> 320301 | U89: =S89-X89 -> 0
A90: Ayam Fillet Kecil @50gr | B90: =IFERROR(VLOOKUP(A90, 'Database Dapur'!C:D, 2, FALSE),"") -> 63000 | C90: =D90*1000 -> 1000 | D90: 1 | E90: =IFERROR(VLOOKUP(A90, 'Database Dapur'!C:F, 3, FALSE),"") -> Kg | F90: Ajinomoto @1kg | G90: 105 | H90: Gram | I90: 3000 | J90: Gram | K90: Kg | L90: 1000 | M90: {=IFERROR((_xlfn.XLOOKUP(TRIM(F90), TRIM('Database Dapur'!C:C), 'Database Dapur'!D:D)),"")} -> 44417 | N90: {=IFERROR((_xlfn.XLOOKUP(TRIM(F90), TRIM('Database Dapur'!C:C), 'Database Dapur'!D:D) / L90),"")*1000} -> 44417 | O90: {=IFERROR((_xlfn.XLOOKUP(TRIM(F90), TRIM('Database Dapur'!C:C), 'Database Dapur'!D:D) / L90) * G90, "")} -> 4663.785 | P90: =O96/I90*C90 -> 57304.116 | Q90: =B90-P90 -> 5695.8839 | R90: =(P90/B90) -> 0.90958914 | S90: =IFERROR(VLOOKUP(A90, 'Database Dapur'!C:D, 2, FALSE),"") -> 63000 | T90: =IFERROR(VLOOKUP(A90, 'Database Dapur'!C:F, 3, FALSE),"") -> Kg | U90: =S90-X90 -> 63000 | V90: =U90-P90 -> 5695.8839 | W90: =(P90/U90) -> 0.90958914
F91: Ayam Fillet Dada(bahan baku) | G91: 3025 | H91: Gram | K91: Kg | L91: 1000 | M91: {=IFERROR((_xlfn.XLOOKUP(TRIM(F91), TRIM('Database Dapur'!C:C), 'Database Dapur'!D:D)),"")} -> 41333.333 | N91: {=IFERROR((_xlfn.XLOOKUP(TRIM(F91), TRIM('Database Dapur'!C:C), 'Database Dapur'!D:D) / L91),"")*1000} -> 41333.333 | O91: {=IFERROR((_xlfn.XLOOKUP(TRIM(F91), TRIM('Database Dapur'!C:C), 'Database Dapur'!D:D) / L91) * G91, "")} -> 125033.33
F92: Bawang Putih Cincang | G92: 1047 | H92: Gram | K92: Kg | L92: 1000 | M92: {=IFERROR((_xlfn.XLOOKUP(TRIM(F92), TRIM('Database Dapur'!C:C), 'Database Dapur'!D:D)),"")} -> 37000 | N92: {=IFERROR((_xlfn.XLOOKUP(TRIM(F92), TRIM('Database Dapur'!C:C), 'Database Dapur'!D:D) / L92),"")*1000} -> 37000 | O92: {=IFERROR((_xlfn.XLOOKUP(TRIM(F92), TRIM('Database Dapur'!C:C), 'Database Dapur'!D:D) / L92) * G92, "")} -> 38739
F93: Garam | G93: 45 | H93: Gram | K93: Kg | L93: 1000 | M93: {=IFERROR((_xlfn.XLOOKUP(TRIM(F93), TRIM('Database Dapur'!C:C), 'Database Dapur'!D:D)),"")} -> 6100 | N93: {=IFERROR((_xlfn.XLOOKUP(TRIM(F93), TRIM('Database Dapur'!C:C), 'Database Dapur'!D:D) / L93),"")*1000} -> 6100 | O93: {=IFERROR((_xlfn.XLOOKUP(TRIM(F93), TRIM('Database Dapur'!C:C), 'Database Dapur'!D:D) / L93) * G93, "")} -> 274.5
F94: Jahe | G94: 110 | H94: Gram | K94: Kg | L94: 1000 | M94: {=IFERROR((_xlfn.XLOOKUP(TRIM(F94), TRIM('Database Dapur'!C:C), 'Database Dapur'!D:D)),"")} -> 15000 | N94: {=IFERROR((_xlfn.XLOOKUP(TRIM(F94), TRIM('Database Dapur'!C:C), 'Database Dapur'!D:D) / L94),"")*1000} -> 15000 | O94: {=IFERROR((_xlfn.XLOOKUP(TRIM(F94), TRIM('Database Dapur'!C:C), 'Database Dapur'!D:D) / L94) * G94, "")} -> 1650
F95: Royco Ayam 1kg (6) | G95: 38 | H95: Gram | K95: Pack | L95: 1000 | M95: {=IFERROR((_xlfn.XLOOKUP(TRIM(F95), TRIM('Database Dapur'!C:C), 'Database Dapur'!D:D)),"")} -> 40835 | N95: {=IFERROR((_xlfn.XLOOKUP(TRIM(F95), TRIM('Database Dapur'!C:C), 'Database Dapur'!D:D) / L95),"")*1000} -> 40835 | O95: {=IFERROR((_xlfn.XLOOKUP(TRIM(F95), TRIM('Database Dapur'!C:C), 'Database Dapur'!D:D) / L95) * G95, "")} -> 1551.73
B96: =IFERROR(VLOOKUP(A96, 'Database Dapur'!C:D, 2, FALSE),"") | C96: =IFERROR(VLOOKUP(#REF!, 'Database Dapur'!A:D, 3, FALSE),"") | D96: =IFERROR(VLOOKUP(#REF!, 'Database Dapur'!B:E, 3, FALSE),"") | E96: =IFERROR(VLOOKUP(A96, 'Database Dapur'!C:F, 3, FALSE),"") | G96: =SUM(G90:G95) -> 4370 | M96: {=IFERROR((_xlfn.XLOOKUP(TRIM(F96), TRIM('Database Dapur'!C:C), 'Database Dapur'!D:D)),"")} | N96: {=IFERROR((_xlfn.XLOOKUP(TRIM(F96), TRIM('Database Dapur'!C:C), 'Database Dapur'!D:D) / L96),"")*1000} -> 0 | O96: =SUM(O90:O95) -> 171912.35 | U96: =S96-X96 -> 0
A97: Ayam Rice Bowl @500gr | B97: =IFERROR(VLOOKUP(A97, 'Database Dapur'!C:D, 2, FALSE),"") -> 67000 | C97: =D97*1000 -> 1000 | D97: 1 | E97: =IFERROR(VLOOKUP(A97, 'Database Dapur'!C:F, 3, FALSE),"") -> Kg | F97: Ajinomoto @1kg | G97: 35 | H97: Gram | I97: 5000 | J97: Gram | K97: Kg | L97: 1000 | M97: {=IFERROR((_xlfn.XLOOKUP(TRIM(F97), TRIM('Database Dapur'!C:C), 'Database Dapur'!D:D)),"")} -> 44417 | N97: {=IFERROR((_xlfn.XLOOKUP(TRIM(F97), TRIM('Database Dapur'!C:C), 'Database Dapur'!D:D) / L97),"")*1000} -> 44417 | O97: {=IFERROR((_xlfn.XLOOKUP(TRIM(F97), TRIM('Database Dapur'!C:C), 'Database Dapur'!D:D) / L97) * G97, "")} -> 1554.595 | P97: =O105/I97*C97 -> 47526.094 | Q97: =B97-P97 -> 19473.906 | R97: =(P97/B97) -> 0.70934469 | S97: =IFERROR(VLOOKUP(A97, 'Database Dapur'!C:D, 2, FALSE),"") -> 67000 | T97: =IFERROR(VLOOKUP(A97, 'Database Dapur'!C:F, 3, FALSE),"") -> Kg | U97: =S97-X97 -> 67000 | V97: =U97-P97 -> 19473.906 | W97: =(P97/U97) -> 0.70934469
F98: Ayam Fillet Dada(bahan baku) | G98: 5000 | H98: Gram | K98: Kg | L98: 1000 | M98: {=IFERROR((_xlfn.XLOOKUP(TRIM(F98), TRIM('Database Dapur'!C:C), 'Database Dapur'!D:D)),"")} -> 41333.333 | N98: {=IFERROR((_xlfn.XLOOKUP(TRIM(F98), TRIM('Database Dapur'!C:C), 'Database Dapur'!D:D) / L98),"")*1000} -> 41333.333 | O98: {=IFERROR((_xlfn.XLOOKUP(TRIM(F98), TRIM('Database Dapur'!C:C), 'Database Dapur'!D:D) / L98) * G98, "")} -> 206666.67
F99: Baking Soda | G99: 15 | H99: Gram | K99: Kg | L99: 1000 | M99: {=IFERROR((_xlfn.XLOOKUP(TRIM(F99), TRIM('Database Dapur'!C:C), 'Database Dapur'!D:D)),"")} -> 12000 | N99: {=IFERROR((_xlfn.XLOOKUP(TRIM(F99), TRIM('Database Dapur'!C:C), 'Database Dapur'!D:D) / L99),"")*1000} -> 12000 | O99: {=IFERROR((_xlfn.XLOOKUP(TRIM(F99), TRIM('Database Dapur'!C:C), 'Database Dapur'!D:D) / L99) * G99, "")} -> 180
F100: Garam | G100: 35 | H100: Gram | K100: Kg | L100: 1000 | M100: {=IFERROR((_xlfn.XLOOKUP(TRIM(F100), TRIM('Database Dapur'!C:C), 'Database Dapur'!D:D)),"")} -> 6100 | N100: {=IFERROR((_xlfn.XLOOKUP(TRIM(F100), TRIM('Database Dapur'!C:C), 'Database Dapur'!D:D) / L100),"")*1000} -> 6100 | O100: {=IFERROR((_xlfn.XLOOKUP(TRIM(F100), TRIM('Database Dapur'!C:C), 'Database Dapur'!D:D) / L100) * G100, "")} -> 213.5
F101: Gula Pasir | G101: 35 | H101: Gram | K101: Kg | L101: 1000 | M101: {=IFERROR((_xlfn.XLOOKUP(TRIM(F101), TRIM('Database Dapur'!C:C), 'Database Dapur'!D:D)),"")} -> 17200 | N101: {=IFERROR((_xlfn.XLOOKUP(TRIM(F101), TRIM('Database Dapur'!C:C), 'Database Dapur'!D:D) / L101),"")*1000} -> 17200 | O101: {=IFERROR((_xlfn.XLOOKUP(TRIM(F101), TRIM('Database Dapur'!C:C), 'Database Dapur'!D:D) / L101) * G101, "")} -> 602
F102: Lada Putih | G102: 35 | H102: Gram | K102: Kg | L102: 1000 | M102: {=IFERROR((_xlfn.XLOOKUP(TRIM(F102), TRIM('Database Dapur'!C:C), 'Database Dapur'!D:D)),"")} -> 145000 | N102: {=IFERROR((_xlfn.XLOOKUP(TRIM(F102), TRIM('Database Dapur'!C:C), 'Database Dapur'!D:D) / L102),"")*1000} -> 145000 | O102: {=IFERROR((_xlfn.XLOOKUP(TRIM(F102), TRIM('Database Dapur'!C:C), 'Database Dapur'!D:D) / L102) * G102, "")} -> 5075
F103: Minyak Wijen @620ml (12) | G103: 340 | H103: Gram | K103: Botol | L103: 620 | M103: {=IFERROR((_xlfn.XLOOKUP(TRIM(F103), TRIM('Database Dapur'!C:C), 'Database Dapur'!D:D)),"")} -> 38000 | N103: {=IFERROR((_xlfn.XLOOKUP(TRIM(F103), TRIM('Database Dapur'!C:C), 'Database Dapur'!D:D) / L103),"")*1000} -> 61290.323 | O103: {=IFERROR((_xlfn.XLOOKUP(TRIM(F103), TRIM('Database Dapur'!C:C), 'Database Dapur'!D:D) / L103) * G103, "")} -> 20838.71
...

Sheet Pembungkus
A2: Nama | B2: Kode | C2: Nama | D2: Qty | E2: Satuan
A3: Ice Campur | B3: BKS.30131 | C3: Thinwall Victory | D3: 1 | E3: Pcs
A4: Ice Campur | B4: BKS.30128 | C4: Sendok Garbu | D4: 1 | E4: Pcs
A5: Ice Campur | B5: BKS.30120 | C5: Kresek. 20 | D5: 1 | E5: Pcs
A6: Mie | B6: BKS.30128 | C6: Sendok Garbu | D6: 1 | E6: Pcs
A7: Mie | B7: BKS.30135 | C7: Tutup Paper Bowl | D7: 1 | E7: Pcs
A8: Mie | B8: BKS.30123 | C8: Paper Bowl | D8: 1 | E8: Pcs
A9: Mie | B9: BKS.30120 | C9: Kresek. 20 | D9: 1 | E9: Pcs
A10: Free | B10: FRE.001 | C10: Ice Tea | D10: 1 | E10: Porsi
A11: Free | B11: MNMN.30100 | C11: Air Mineral | D11: 1 | E11: Btl

Sheet Rekap Harga Dapur
A2: Nama | B2: BPP Per Jual | C2: Laba Lama | D2: Persentase Lama | E2: Harga Jual Lama | F2: Satuan | G2: Harga Jual Baru | H2: Laba Baru | I2: Persentase Baru
A3: =IFERROR(__xludf.DUMMYFUNCTION("FILTER({'BPP Dapur'!A7:A1001, 'BPP Dapur'!P7:W1001}, 'BPP Dapur'!A7:A1001<>"""")"),"Saus Asam Manis") -> Saus Asam Manis | B3: =IFERROR(__xludf.DUMMYFUNCTION("""COMPUTED_VALUE"""),15260.17613167534) -> 15260.176 | C3: =IFERROR(__xludf.DUMMYFUNCTION("""COMPUTED_VALUE"""),11739.82386832466) -> 11739.824 | D3: =IFERROR(__xludf.DUMMYFUNCTION("""COMPUTED_VALUE"""),0.5651917085805681) -> 0.56519171 | E3: =IFERROR(__xludf.DUMMYFUNCTION("""COMPUTED_VALUE"""),27000.0) -> 27000 | F3: =IFERROR(__xludf.DUMMYFUNCTION("""COMPUTED_VALUE"""),"Kg") -> Kg | G3: =IFERROR(__xludf.DUMMYFUNCTION("""COMPUTED_VALUE"""),27000.0) -> 27000 | H3: =IFERROR(__xludf.DUMMYFUNCTION("""COMPUTED_VALUE"""),11739.82386832466) -> 11739.824 | I3: =IFERROR(__xludf.DUMMYFUNCTION("""COMPUTED_VALUE"""),0.5651917085805681) -> 0.56519171
A4: =IFERROR(__xludf.DUMMYFUNCTION("""COMPUTED_VALUE"""),"Saus Lada Hitam ") -> Saus Lada Hitam | B4: =IFERROR(__xludf.DUMMYFUNCTION("""COMPUTED_VALUE"""),30175.36313596491) -> 30175.363 | C4: =IFERROR(__xludf.DUMMYFUNCTION("""COMPUTED_VALUE"""),4824.636864035088) -> 4824.6369 | D4: =IFERROR(__xludf.DUMMYFUNCTION("""COMPUTED_VALUE"""),0.8621532324561403) -> 0.86215323 | E4: =IFERROR(__xludf.DUMMYFUNCTION("""COMPUTED_VALUE"""),35000.0) -> 35000 | F4: =IFERROR(__xludf.DUMMYFUNCTION("""COMPUTED_VALUE"""),"Kg") -> Kg | G4: =IFERROR(__xludf.DUMMYFUNCTION("""COMPUTED_VALUE"""),35000.0) -> 35000 | H4: =IFERROR(__xludf.DUMMYFUNCTION("""COMPUTED_VALUE"""),4824.636864035088) -> 4824.6369 | I4: =IFERROR(__xludf.DUMMYFUNCTION("""COMPUTED_VALUE"""),0.8621532324561403) -> 0.86215323
A5: =IFERROR(__xludf.DUMMYFUNCTION("""COMPUTED_VALUE"""),"Saus Hot Sapi") -> Saus Hot Sapi | B5: =IFERROR(__xludf.DUMMYFUNCTION("""COMPUTED_VALUE"""),31777.795854545453) -> 31777.796 | C5: =IFERROR(__xludf.DUMMYFUNCTION("""COMPUTED_VALUE"""),6222.204145454547) -> 6222.2041 | D5: =IFERROR(__xludf.DUMMYFUNCTION("""COMPUTED_VALUE"""),0.836257785645933) -> 0.83625779 | E5: =IFERROR(__xludf.DUMMYFUNCTION("""COMPUTED_VALUE"""),38000.0) -> 38000 | F5: =IFERROR(__xludf.DUMMYFUNCTION("""COMPUTED_VALUE"""),"Kg") -> Kg | G5: =IFERROR(__xludf.DUMMYFUNCTION("""COMPUTED_VALUE"""),38000.0) -> 38000 | H5: =IFERROR(__xludf.DUMMYFUNCTION("""COMPUTED_VALUE"""),6222.204145454547) -> 6222.2041 | I5: =IFERROR(__xludf.DUMMYFUNCTION("""COMPUTED_VALUE"""),0.836257785645933) -> 0.83625779
A6: =IFERROR(__xludf.DUMMYFUNCTION("""COMPUTED_VALUE"""),"Saus Hot Ayam") -> Saus Hot Ayam | B6: =IFERROR(__xludf.DUMMYFUNCTION("""COMPUTED_VALUE"""),31108.044041055717) -> 31108.044 | C6: =IFERROR(__xludf.DUMMYFUNCTION("""COMPUTED_VALUE"""),6891.955958944283) -> 6891.956 | D6: =IFERROR(__xludf.DUMMYFUNCTION("""COMPUTED_VALUE"""),0.8186327379225189) -> 0.81863274 | E6: =IFERROR(__xludf.DUMMYFUNCTION("""COMPUTED_VALUE"""),38000.0) -> 38000 | F6: =IFERROR(__xludf.DUMMYFUNCTION("""COMPUTED_VALUE"""),"Kg") -> Kg | G6: =IFERROR(__xludf.DUMMYFUNCTION("""COMPUTED_VALUE"""),38000.0) -> 38000 | H6: =IFERROR(__xludf.DUMMYFUNCTION("""COMPUTED_VALUE"""),6891.955958944283) -> 6891.956 | I6: =IFERROR(__xludf.DUMMYFUNCTION("""COMPUTED_VALUE"""),0.8186327379225189) -> 0.81863274
A7: =IFERROR(__xludf.DUMMYFUNCTION("""COMPUTED_VALUE"""),"Saus Vietnam") -> Saus Vietnam | B7: =IFERROR(__xludf.DUMMYFUNCTION("""COMPUTED_VALUE"""),21028.974735764237) -> 21028.975 | C7: =IFERROR(__xludf.DUMMYFUNCTION("""COMPUTED_VALUE"""),9971.025264235763) -> 9971.0253 | D7: =IFERROR(__xludf.DUMMYFUNCTION("""COMPUTED_VALUE"""),0.6783540237343302) -> 0.67835402 | E7: =IFERROR(__xludf.DUMMYFUNCTION("""COMPUTED_VALUE"""),31000.0) -> 31000 | F7: =IFERROR(__xludf.DUMMYFUNCTION("""COMPUTED_VALUE"""),"Kg") -> Kg | G7: =IFERROR(__xludf.DUMMYFUNCTION("""COMPUTED_VALUE"""),31000.0) -> 31000 | H7: =IFERROR(__xludf.DUMMYFUNCTION("""COMPUTED_VALUE"""),9971.025264235763) -> 9971.0253 | I7: =IFERROR(__xludf.DUMMYFUNCTION("""COMPUTED_VALUE"""),0.6783540237343302) -> 0.67835402
A8: =IFERROR(__xludf.DUMMYFUNCTION("""COMPUTED_VALUE"""),"Saus Madu") -> Saus Madu | B8: =IFERROR(__xludf.DUMMYFUNCTION("""COMPUTED_VALUE"""),25780.903376942355) -> 25780.903 | C8: =IFERROR(__xludf.DUMMYFUNCTION("""COMPUTED_VALUE"""),12219.096623057645) -> 12219.097 | D8: =IFERROR(__xludf.DUMMYFUNCTION("""COMPUTED_VALUE"""),0.6784448257090093) -> 0.67844483 | E8: =IFERROR(__xludf.DUMMYFUNCTION("""COMPUTED_VALUE"""),38000.0) -> 38000 | F8: =IFERROR(__xludf.DUMMYFUNCTION("""COMPUTED_VALUE"""),"Kg") -> Kg | G8: =IFERROR(__xludf.DUMMYFUNCTION("""COMPUTED_VALUE"""),38000.0) -> 38000 | H8: =IFERROR(__xludf.DUMMYFUNCTION("""COMPUTED_VALUE"""),12219.096623057645) -> 12219.097 | I8: =IFERROR(__xludf.DUMMYFUNCTION("""COMPUTED_VALUE"""),0.6784448257090093) -> 0.67844483
A9: =IFERROR(__xludf.DUMMYFUNCTION("""COMPUTED_VALUE"""),"Sambel Jawa") -> Sambel Jawa | B9: =IFERROR(__xludf.DUMMYFUNCTION("""COMPUTED_VALUE"""),39194.75263400926) -> 39194.753 | C9: =IFERROR(__xludf.DUMMYFUNCTION("""COMPUTED_VALUE"""),5805.247365990741) -> 5805.2474 | D9: =IFERROR(__xludf.DUMMYFUNCTION("""COMPUTED_VALUE"""),0.8709945029779835) -> 0.8709945 | E9: =IFERROR(__xludf.DUMMYFUNCTION("""COMPUTED_VALUE"""),45000.0) -> 45000 | F9: =IFERROR(__xludf.DUMMYFUNCTION("""COMPUTED_VALUE"""),"Kg") -> Kg | G9: =IFERROR(__xludf.DUMMYFUNCTION("""COMPUTED_VALUE"""),45000.0) -> 45000 | H9: =IFERROR(__xludf.DUMMYFUNCTION("""COMPUTED_VALUE"""),5805.247365990741) -> 5805.2474 | I9: =IFERROR(__xludf.DUMMYFUNCTION("""COMPUTED_VALUE"""),0.8709945029779835) -> 0.8709945
A10: =IFERROR(__xludf.DUMMYFUNCTION("""COMPUTED_VALUE"""),"Saus Teriyaki") -> Saus Teriyaki | B10: =IFERROR(__xludf.DUMMYFUNCTION("""COMPUTED_VALUE"""),25564.604393659592) -> 25564.604 | C10: =IFERROR(__xludf.DUMMYFUNCTION("""COMPUTED_VALUE"""),10435.395606340408) -> 10435.396 | D10: =IFERROR(__xludf.DUMMYFUNCTION("""COMPUTED_VALUE"""),0.7101278998238776) -> 0.7101279 | E10: =IFERROR(__xludf.DUMMYFUNCTION("""COMPUTED_VALUE"""),36000.0) -> 36000 | F10: =IFERROR(__xludf.DUMMYFUNCTION("""COMPUTED_VALUE"""),"Kg") -> Kg | G10: =IFERROR(__xludf.DUMMYFUNCTION("""COMPUTED_VALUE"""),36000.0) -> 36000 | H10: =IFERROR(__xludf.DUMMYFUNCTION("""COMPUTED_VALUE"""),10435.395606340408) -> 10435.396 | I10: =IFERROR(__xludf.DUMMYFUNCTION("""COMPUTED_VALUE"""),0.7101278998238776) -> 0.7101279
A11: =IFERROR(__xludf.DUMMYFUNCTION("""COMPUTED_VALUE"""),"Kacang Teriyaki") -> Kacang Teriyaki | B11: =IFERROR(__xludf.DUMMYFUNCTION("""COMPUTED_VALUE"""),0.0) -> 0 | C11: =IFERROR(__xludf.DUMMYFUNCTION("""COMPUTED_VALUE"""),42706.8) -> 42706.8 | D11: =IFERROR(__xludf.DUMMYFUNCTION("""COMPUTED_VALUE"""),0.0) -> 0 | E11: =IFERROR(__xludf.DUMMYFUNCTION("""COMPUTED_VALUE"""),42706.8) -> 42706.8 | F11: =IFERROR(__xludf.DUMMYFUNCTION("""COMPUTED_VALUE"""),"Kg") -> Kg | G11: =IFERROR(__xludf.DUMMYFUNCTION("""COMPUTED_VALUE"""),42706.8) -> 42706.8 | H11: =IFERROR(__xludf.DUMMYFUNCTION("""COMPUTED_VALUE"""),42706.8) -> 42706.8 | I11: =IFERROR(__xludf.DUMMYFUNCTION("""COMPUTED_VALUE"""),0.0) -> 0
A12: =IFERROR(__xludf.DUMMYFUNCTION("""COMPUTED_VALUE"""),"Ayam Fillet Kecil @50gr") -> Ayam Fillet Kecil @50gr | B12: =IFERROR(__xludf.DUMMYFUNCTION("""COMPUTED_VALUE"""),57304.11611111112) -> 57304.116 | C12: =IFERROR(__xludf.DUMMYFUNCTION("""COMPUTED_VALUE"""),5695.883888888879) -> 5695.8839 | D12: =IFERROR(__xludf.DUMMYFUNCTION("""COMPUTED_VALUE"""),0.9095891446208114) -> 0.90958914 | E12: =IFERROR(__xludf.DUMMYFUNCTION("""COMPUTED_VALUE"""),63000.0) -> 63000 | F12: =IFERROR(__xludf.DUMMYFUNCTION("""COMPUTED_VALUE"""),"Kg") -> Kg | G12: =IFERROR(__xludf.DUMMYFUNCTION("""COMPUTED_VALUE"""),63000.0) -> 63000 | H12: =IFERROR(__xludf.DUMMYFUNCTION("""COMPUTED_VALUE"""),5695.883888888879) -> 5695.8839 | I12: =IFERROR(__xludf.DUMMYFUNCTION("""COMPUTED_VALUE"""),0.9095891446208114) -> 0.90958914
A13: =IFERROR(__xludf.DUMMYFUNCTION("""COMPUTED_VALUE"""),"Ayam Rice Bowl @500gr") -> Ayam Rice Bowl @500gr | B13: =IFERROR(__xludf.DUMMYFUNCTION("""COMPUTED_VALUE"""),47526.09426881721) -> 47526.094 | C13: =IFERROR(__xludf.DUMMYFUNCTION("""COMPUTED_VALUE"""),19473.905731182793) -> 19473.906 | D13: =IFERROR(__xludf.DUMMYFUNCTION("""COMPUTED_VALUE"""),0.7093446905793613) -> 0.70934469 | E13: =IFERROR(__xludf.DUMMYFUNCTION("""COMPUTED_VALUE"""),67000.0) -> 67000 | F13: =IFERROR(__xludf.DUMMYFUNCTION("""COMPUTED_VALUE"""),"Kg") -> Kg | G13: =IFERROR(__xludf.DUMMYFUNCTION("""COMPUTED_VALUE"""),67000.0) -> 67000 | H13: =IFERROR(__xludf.DUMMYFUNCTION("""COMPUTED_VALUE"""),19473.905731182793) -> 19473.906 | I13: =IFERROR(__xludf.DUMMYFUNCTION("""COMPUTED_VALUE"""),0.7093446905793613) -> 0.70934469
A14: =IFERROR(__xludf.DUMMYFUNCTION("""COMPUTED_VALUE"""),"Gula Mix (Es campur)") -> Gula Mix (Es campur) | B14: =IFERROR(__xludf.DUMMYFUNCTION("""COMPUTED_VALUE"""),21502.96875) -> 21502.969 | C14: =IFERROR(__xludf.DUMMYFUNCTION("""COMPUTED_VALUE"""),3497.03125) -> 3497.0312 | D14: =IFERROR(__xludf.DUMMYFUNCTION("""COMPUTED_VALUE"""),0.86011875) -> 0.86011875 | E14: =IFERROR(__xludf.DUMMYFUNCTION("""COMPUTED_VALUE"""),25000.0) -> 25000 | F14: =IFERROR(__xludf.DUMMYFUNCTION("""COMPUTED_VALUE"""),"Ltr") -> Ltr | G14: =IFERROR(__xludf.DUMMYFUNCTION("""COMPUTED_VALUE"""),25000.0) -> 25000 | H14: =IFERROR(__xludf.DUMMYFUNCTION("""COMPUTED_VALUE"""),3497.03125) -> 3497.0312 | I14: =IFERROR(__xludf.DUMMYFUNCTION("""COMPUTED_VALUE"""),0.86011875) -> 0.86011875
A15: =IFERROR(__xludf.DUMMYFUNCTION("""COMPUTED_VALUE"""),"Kacang Merah (Matang)") -> Kacang Merah (Matang) | B15: =IFERROR(__xludf.DUMMYFUNCTION("""COMPUTED_VALUE"""),20403.0) -> 20403 | C15: =IFERROR(__xludf.DUMMYFUNCTION("""COMPUTED_VALUE"""),4597.0) -> 4597 | D15: =IFERROR(__xludf.DUMMYFUNCTION("""COMPUTED_VALUE"""),0.81612) -> 0.81612 | E15: =IFERROR(__xludf.DUMMYFUNCTION("""COMPUTED_VALUE"""),25000.0) -> 25000 | F15: =IFERROR(__xludf.DUMMYFUNCTION("""COMPUTED_VALUE"""),"Kg") -> Kg | G15: =IFERROR(__xludf.DUMMYFUNCTION("""COMPUTED_VALUE"""),25000.0) -> 25000 | H15: =IFERROR(__xludf.DUMMYFUNCTION("""COMPUTED_VALUE"""),4597.0) -> 4597 | I15: =IFERROR(__xludf.DUMMYFUNCTION("""COMPUTED_VALUE"""),0.81612) -> 0.81612
A16: =IFERROR(__xludf.DUMMYFUNCTION("""COMPUTED_VALUE"""),"Kacang Hijau (Matang)") -> Kacang Hijau (Matang) | B16: =IFERROR(__xludf.DUMMYFUNCTION("""COMPUTED_VALUE"""),12489.066666666666) -> 12489.067 | C16: =IFERROR(__xludf.DUMMYFUNCTION("""COMPUTED_VALUE"""),5510.933333333334) -> 5510.9333 | D16: =IFERROR(__xludf.DUMMYFUNCTION("""COMPUTED_VALUE"""),0.693837037037037) -> 0.69383704 | E16: =IFERROR(__xludf.DUMMYFUNCTION("""COMPUTED_VALUE"""),18000.0) -> 18000 | F16: =IFERROR(__xludf.DUMMYFUNCTION("""COMPUTED_VALUE"""),"Kg") -> Kg | G16: =IFERROR(__xludf.DUMMYFUNCTION("""COMPUTED_VALUE"""),18000.0) -> 18000 | H16: =IFERROR(__xludf.DUMMYFUNCTION("""COMPUTED_VALUE"""),5510.933333333334) -> 5510.9333 | I16: =IFERROR(__xludf.DUMMYFUNCTION("""COMPUTED_VALUE"""),0.693837037037037) -> 0.69383704
A17: =IFERROR(__xludf.DUMMYFUNCTION("""COMPUTED_VALUE"""),"Toping Ayam Jamur @500gr") -> Toping Ayam Jamur @500gr | B17: =IFERROR(__xludf.DUMMYFUNCTION("""COMPUTED_VALUE"""),26950.27335193512) -> 26950.273 | C17: =IFERROR(__xludf.DUMMYFUNCTION("""COMPUTED_VALUE"""),14549.72664806488) -> 14549.727 | D17: =IFERROR(__xludf.DUMMYFUNCTION("""COMPUTED_VALUE"""),0.6494041771550632) -> 0.64940418 | E17: =IFERROR(__xludf.DUMMYFUNCTION("""COMPUTED_VALUE"""),41500.0) -> 41500 | F17: =IFERROR(__xludf.DUMMYFUNCTION("""COMPUTED_VALUE"""),"500gr") -> 500gr | G17: =IFERROR(__xludf.DUMMYFUNCTION("""COMPUTED_VALUE"""),41500.0) -> 41500 | H17: =IFERROR(__xludf.DUMMYFUNCTION("""COMPUTED_VALUE"""),14549.72664806488) -> 14549.727 | I17: =IFERROR(__xludf.DUMMYFUNCTION("""COMPUTED_VALUE"""),0.6494041771550632) -> 0.64940418
A18: =IFERROR(__xludf.DUMMYFUNCTION("""COMPUTED_VALUE"""),"Toping Ayam Kecap @500gr") -> Toping Ayam Kecap @500gr | B18: =IFERROR(__xludf.DUMMYFUNCTION("""COMPUTED_VALUE"""),28520.76140151515) -> 28520.761 | C18: =IFERROR(__xludf.DUMMYFUNCTION("""COMPUTED_VALUE"""),12979.238598484852) -> 12979.239 | D18: =IFERROR(__xludf.DUMMYFUNCTION("""COMPUTED_VALUE"""),0.687247262687112) -> 0.68724726 | E18: =IFERROR(__xludf.DUMMYFUNCTION("""COMPUTED_VALUE"""),41500.0) -> 41500 | F18: =IFERROR(__xludf.DUMMYFUNCTION("""COMPUTED_VALUE"""),"500gr") -> 500gr | G18: =IFERROR(__xludf.DUMMYFUNCTION("""COMPUTED_VALUE"""),41500.0) -> 41500 | H18: =IFERROR(__xludf.DUMMYFUNCTION("""COMPUTED_VALUE"""),12979.238598484852) -> 12979.239 | I18: =IFERROR(__xludf.DUMMYFUNCTION("""COMPUTED_VALUE"""),0.687247262687112) -> 0.68724726
A19: =IFERROR(__xludf.DUMMYFUNCTION("""COMPUTED_VALUE"""),"Toping Ayam Pedas @500gr") -> Toping Ayam Pedas @500gr | B19: =IFERROR(__xludf.DUMMYFUNCTION("""COMPUTED_VALUE"""),23286.61611785095) -> 23286.616 | C19: =IFERROR(__xludf.DUMMYFUNCTION("""COMPUTED_VALUE"""),11713.38388214905) -> 11713.384 | D19: =IFERROR(__xludf.DUMMYFUNCTION("""COMPUTED_VALUE"""),0.6653318890814557) -> 0.66533189 | E19: =IFERROR(__xludf.DUMMYFUNCTION("""COMPUTED_VALUE"""),35000.0) -> 35000 | F19: =IFERROR(__xludf.DUMMYFUNCTION("""COMPUTED_VALUE"""),"500gr") -> 500gr | G19: =IFERROR(__xludf.DUMMYFUNCTION("""COMPUTED_VALUE"""),35000.0) -> 35000 | H19: =IFERROR(__xludf.DUMMYFUNCTION("""COMPUTED_VALUE"""),11713.38388214905) -> 11713.384 | I19: =IFERROR(__xludf.DUMMYFUNCTION("""COMPUTED_VALUE"""),0.6653318890814557) -> 0.66533189
A20: =IFERROR(__xludf.DUMMYFUNCTION("""COMPUTED_VALUE"""),"Kuah Mie") -> Kuah Mie | B20: =IFERROR(__xludf.DUMMYFUNCTION("""COMPUTED_VALUE"""),9954.01) -> 9954.01 | C20: =IFERROR(__xludf.DUMMYFUNCTION("""COMPUTED_VALUE"""),12045.99) -> 12045.99 | D20: =IFERROR(__xludf.DUMMYFUNCTION("""COMPUTED_VALUE"""),0.452455) -> 0.452455 | E20: =IFERROR(__xludf.DUMMYFUNCTION("""COMPUTED_VALUE"""),22000.0) -> 22000 | F20: =IFERROR(__xludf.DUMMYFUNCTION("""COMPUTED_VALUE"""),"Ltr") -> Ltr | G20: =IFERROR(__xludf.DUMMYFUNCTION("""COMPUTED_VALUE"""),22000.0) -> 22000 | H20: =IFERROR(__xludf.DUMMYFUNCTION("""COMPUTED_VALUE"""),12045.99) -> 12045.99 | I20: =IFERROR(__xludf.DUMMYFUNCTION("""COMPUTED_VALUE"""),0.452455) -> 0.452455
A21: =IFERROR(__xludf.DUMMYFUNCTION("""COMPUTED_VALUE"""),"Mie Basah") -> Mie Basah | B21: =IFERROR(__xludf.DUMMYFUNCTION("""COMPUTED_VALUE"""),1224.7295454545454) -> 1224.7295 | C21: =IFERROR(__xludf.DUMMYFUNCTION("""COMPUTED_VALUE"""),1775.2704545454546) -> 1775.2705 | D21: =IFERROR(__xludf.DUMMYFUNCTION("""COMPUTED_VALUE"""),0.4082431818181818) -> 0.40824318 | E21: =IFERROR(__xludf.DUMMYFUNCTION("""COMPUTED_VALUE"""),3000.0) -> 3000 | F21: =IFERROR(__xludf.DUMMYFUNCTION("""COMPUTED_VALUE"""),"Porsi") -> Porsi | G21: =IFERROR(__xludf.DUMMYFUNCTION("""COMPUTED_VALUE"""),3000.0) -> 3000 | H21: =IFERROR(__xludf.DUMMYFUNCTION("""COMPUTED_VALUE"""),1775.2704545454546) -> 1775.2705 | I21: =IFERROR(__xludf.DUMMYFUNCTION("""COMPUTED_VALUE"""),0.4082431818181818) -> 0.40824318

Sheet Database Resto
B5: Kategori Barang | C5: Kode Barang | E5: Nama Barang | G5: Jenis Barang | K5: Def. Hrg. Jual Satuan #1 | M5: Kts (Semua Gdng) | O5: Nilai Satuan | Q5: Nama Satuan
A6: 1. PAKET
B7: 1. PAKET | C7: PKT.033 | E7: 1. ICE CAMPUR ES | G7: Non Persediaan | K7: 0 | M7: 0 | O7: 0 | Q7: Porsi
B8: 1. PAKET | C8: PKT.0020 | E8: CHIKEN JAVA HONEY SPC | G8: Non Persediaan | K8: 0 | M8: 0 | O8: 0 | Q8: Porsi
B9: 1. PAKET | C9: PKT.0017 | E9: CHICKEN HOT MONSTERS | G9: Non Persediaan | K9: 0 | M9: 0 | O9: 0 | Q9: Porsi
B10: 1. PAKET | C10: PKT.0018 | E10: CHICKEN SWEET SOUR | G10: Non Persediaan | K10: 0 | M10: 0 | O10: 0 | Q10: Porsi
B11: 1. PAKET | C11: PKT.0021 | E11: CHIKEN KATSU | G11: Non Persediaan | K11: 0 | M11: 0 | O11: 0 | Q11: Porsi
B12: 1. PAKET | C12: PKT.017 | E12: HOT MONSTERS BEEF | G12: Non Persediaan | K12: 0 | M12: 0 | O12: 0 | Q12: Porsi
B13: 1. PAKET | C13: PKT.018 | E13: MIE AYAM HOT MONSTERS | G13: Non Persediaan | K13: 0 | M13: 0 | O13: 0 | Q13: Porsi
B14: 1. PAKET | C14: PKT.019 | E14: MIE AYAM JAMUR | G14: Non Persediaan | K14: 0 | M14: 0 | O14: 0 | Q14: Porsi
B15: 1. PAKET | C15: PKT.020 | E15: MIE AYAM KATSU | G15: Non Persediaan | K15: 0 | M15: 0 | O15: 0 | Q15: Porsi
B16: 1. PAKET | C16: PKT.021 | E16: MIE AYAM MONSTERS | G16: Non Persediaan | K16: 0 | M16: 0 | O16: 0 | Q16: Porsi
B17: 1. PAKET | C17: PKT.030 | E17: MIE SAPI MONSTERS | G17: Non Persediaan | K17: 0 | M17: 0 | O17: 0 | Q17: Porsi
B18: 1. PAKET | C18: PKT.018 NEW | E18: MIE AYAM HOT MONSTERS | G18: Grup | K18: 0 | M18: 0 | O18: 0 | Q18: Porsi
... B35: 1. PAKET | C35: PKT.004 | E35: .PAKET D | G35: Non Persediaan | K35: 61900 | M35: 0 | O35: 0 | Q35: Porsi
A36: 10.FROZEN FOOD
B37: 10.FROZEN FOOD | C37: FRF.007 | E37: CHICKEN CAKE ROLL | G37: Non Persediaan | K37: 28000 | M37: 0 | O37: 0 | Q37: Porsi
B38: 10.FROZEN FOOD | C38: FRF.001 | E38: IKAN OLAHAN BENTUK TAHU | G38: Non Persediaan | K38: 22000 | M38: 0 | O38: 0 | Q38: Porsi
B39: 10.FROZEN FOOD | C39: FRF.002 | E39: OTAK OTAK | G39: Non Persediaan | K39: 24500 | M39: 0 | O39: 0 | Q39: Porsi
B40: 10.FROZEN FOOD | C40: FRF.003 | E40: BAKSO IKAN BANDENG | G40: Non Persediaan | K40: 26000 | M40: 0 | O40: 0 | Q40: Porsi
B41: 10.FROZEN FOOD | C41: FRF.004 | E41: IKAN OLAHHAN BENTUK KOTAK | G41: Non Persediaan | K41: 12000 | M41: 0 | O41: 0 | Q41: Porsi
B42: 10.FROZEN FOOD | C42: FRF.005 | E42: IKAN OLAHAN BENTUK SCALLOP | G42: Non Persediaan | K42: 22500 | M42: 0 | O42: 0 | Q42: Porsi
B43: 10.FROZEN FOOD | C43: FRF.006 | E43: BAKSO IKAN ISI AYAM | G43: Non Persediaan | K43: 28500 | M43: 0 | O43: 0 | Q43: Porsi
B44: 10.FROZEN FOOD | C44: FRF.008 | E44: BAKSO IKAN BENTUK BINTANG | G44: Non Persediaan | K44: 12000 | M44: 0 | O44: 0 | Q44: Porsi
A45: 2. RICE BOWL
B46: 2. RICE BOWL | C46: REB.013 | E46: FREE ICE TEA | G46: Non Persediaan | K46: 0 | M46: 0 | O46: 0 | Q46: Porsi
B47: 2. RICE BOWL | C47: REB.014 | E47: FREE MINERAL WATER | G47: Non Persediaan | K47: 0 | M47: 0 | O47: 0 | Q47: Porsi
B48: 2. RICE BOWL | C48: REB.015 | E48: FREE ICE CHOCOLATE | G48: Non Persediaan | K48: 3000 | M48: 0 | O48: 0 | Q48: Porsi
B49: 2. RICE BOWL | C49: REB.001 | E49: SPECIAL MONSTER BEEF | G49: Non Persediaan | K49: 36900 | M49: 0 | O49: 0 | Q49: Porsi
B50: 2. RICE BOWL | C50: REB.008 | E50: CHIKEN KATSU | G50: Non Persediaan | K50: 29900 | M50: 0 | O50: 0 | Q50: Porsi
B51: 2. RICE BOWL | C51: REB.016 | E51: FREE ICE CAMPUR 1 P | G51: Non Persediaan | K51: 10000 | M51: 0 | O51: 0 | Q51: Porsi
B52: 2. RICE BOWL | C52: REB.010 | E52: TAMBAH TELUR | G52: Non Persediaan | K52: 3000 | M52: 0 | O52: 0 | Q52: Porsi
B53: 2. RICE BOWL | C53: REB.009 | E53: TAMBAH NASIH PUTIH | G53: Non Persediaan | K53: 3000 | M53: 0 | O53: 0 | Q53: Porsi
B54: 2. RICE BOWL | C54: REB.012 | E54: HOT MONSTERS BEEF | G54: Non Persediaan | K54: 36900 | M54: 0 | O54: 0 | Q54: Porsi
B55: 2. RICE BOWL | C55: REB.017 | E55: FREE ICE TEA SUSU | G55: Non Persediaan | K55: 3000 | M55: 0 | O55: 0 | Q55: Porsi
B56: 2. RICE BOWL | C56: REB.002 | E56: SMOKED PAPPER BEEF | G56: Non Persediaan | K56: 36900 | M56: 0 | O56: 0 | Q56: Porsi
B57: 2. RICE BOWL | C57: 100036 | E57: CHIKEN STEAK | G57: Non Persediaan | K57: 29900 | M57: 0 | O57: 0
B58: 2. RICE BOWL | C58: REB.004 | E58: CHICKEN TERIYAKI | G58: Non Persediaan | K58: 28900 | M58: 0 | O58: 0 | Q58: Porsi
B59: 2. RICE BOWL | C59: REB.003 | E59: HONEY SAUCE BEEF | G59: Non Persediaan | K59: 36900 | M59: 0 | O59: 0 | Q59: Porsi
B60: 2. RICE BOWL | C60: REB.005 | E60: CHICKEN SWEET SOUR | G60: Non Persediaan | K60: 28900 | M60: 0 | O60: 0 | Q60: Porsi
B61: 2. RICE BOWL | C61: REB.011 | E61: CHICKEN HOT MONSTERS | G61: Non Persediaan | K61: 28900 | M61: 0 | O61: 0 | Q61: Porsi
B62: 2. RICE BOWL | C62: REB.006 | E62: CHIKEN JAVA HONEY SPC | G62: Non Persediaan | K62: 28900 | M62: 0 | O62: 0 | Q62: Porsi
B63: 2. RICE BOWL | C63: REB.020 | E63: AYAM KATSU | G63: Non Persediaan | K63: 14000 | M63: 0 | O63: 0 | Q63: Porsi
A64: 3. MIE
B65: 3. MIE | C65: MIE.013 | E65: FREE ICE TEA | G65: Non Persediaan | K65: 0 | M65: 0 | O65: 0 | Q65: Porsi
B66: 3. MIE | C66: MIE.016 | E66: FREE ICE CAMPUR 1 P | G66: Non Persediaan | K66: 10000 | M66: 0 | O66: 0 | Q66: Porsi
B67: 3. MIE | C67: REB.018 | E67: FREE ICE TEA SUSU | G67: Non Persediaan | K67: 3000 | M67: 0 | O67: 0 | Q67: Porsi
B68: 3. MIE | C68: MIE.015 | E68: FREE ICE CHOCOLATE | G68: Non Persediaan | K68: 3000 | M68: 0 | O68: 0 | Q68: Porsi
B69: 3. MIE | C69: MIE.014 | E69: FREE MINERAL WATER | G69: Non Persediaan | K69: 0 | M69: 0 | O69: 0 | Q69: Porsi
B70: 3. MIE | C70: MIE.003 | E70: MIE AYAM KATSU | G70: Non Persediaan | K70: 25900 | M70: 0 | O70: 0 | Q70: Porsi
B71: 3. MIE | C71: MIE.004 | E71: MIE SAPI MONSTERS | G71: Non Persediaan | K71: 32900 | M71: 0 | O71: 0 | Q71: Porsi
B72: 3. MIE | C72: 100021 | E72: MIE GORENG ( HOT) | G72: Non Persediaan | K72: 25900 | M72: 0 | O72: 0 | Q72: Porsi
B73: 3. MIE | C73: MIE.001 | E73: MIE AYAM MONSTERS | G73: Non Persediaan | K73: 25900 | M73: 0 | O73: 0 | Q73: Porsi
B74: 3. MIE | C74: MIE.005 | E74: MIE POLOS | G74: Non Persediaan | K74: 9900 | M74: 0 | O74: 0 | Q74: Porsi
B75: 3. MIE | C75: MIE.008 | E75: MIE GORENG (JAMUR) | G75: Non Persediaan | K75: 25900 | M75: 0 | O75: 0 | Q75: Porsi
B76: 3. MIE | C76: MIE.009 | E76: MIE GORENG (KATSU) | G76: Non Persediaan | K76: 25900 | M76: 0 | O76: 0 | Q76: Porsi
... B84: 3. MIE | C84: 020 | E84: MIE HOT MONSTERS | G84: Non Persediaan | K84: 25900 | M84: 0 | O84: 0 | Q84: Porsi
A85: 4. MINUMAN
B86: 4. MINUMAN | C86: ICE.001 | E86: ICE CHOCOLATE | G86: Non Persediaan | K86: 11700 | M86: 0 | O86: 0 | Q86: Porsi
B87: 4. MINUMAN | C87: ICE.003 | E87: ICE TEA SUSU | G87: Non Persediaan | K87: 11700 | M87: 0 | O87: 0 | Q87: Porsi
B88: 4. MINUMAN | C88: ICE.013 | E88: MATCHA MILK | G88: Non Persediaan | K88: 9100 | M88: 0 | O88: 0 | Q88: Porsi
B89: 4. MINUMAN | C89: ICE.006 | E89: MINERAL WATER | G89: Non Persediaan | K89: 9900 | M89: 0 | O89: 0 | Q89: Porsi
B90: 4. MINUMAN | C90: ICE.011 | E90: DRAK BLUE SEA | G90: Non Persediaan | K90: 9100 | M90: 0 | O90: 0 | Q90: Porsi
B91: 4. MINUMAN | C91: ICE.009 | E91: LEMON SQUASH | G91: Non Persediaan | K91: 10990 | M91: 0 | O91: 0 | Q91: Porsi
B92: 4. MINUMAN | C92: ICE.007 | E92: ORANGE SQUASH | G92: Non Persediaan | K92: 10990 | M92: 0 | O92: 0 | Q92: Porsi
B93: 4. MINUMAN | C93: ICE.004 | E93: LECI SQUASH | G93: Non Persediaan | K93: 10990 | M93: 0 | O93: 0 | Q93: Porsi
B94: 4. MINUMAN | C94: ICE.005 | E94: MARKISA SQUASH | G94: Non Persediaan | K94: 10990 | M94: 0 | O94: 0 | Q94: Porsi
B95: 4. MINUMAN | C95: ICE.008 | E95: STRABERRY SQUASH | G95: Non Persediaan | K95: 10990 | M95: 0 | O95: 0 | Q95: Porsi
B96: 4. MINUMAN | C96: ICE.017 | E96: WATERMELOM MILK | G96: Non Persediaan | K96: 14600 | M96: 0 | O96: 0 | Q96: Porsi
B97: 4. MINUMAN | C97: ICE.010 | E97: BLUE OCEAN | G97: Non Persediaan | K97: 9100 | M97: 0 | O97: 0 | Q97: Porsi
... B107: 4. MINUMAN | C107: ICE.019 | E107: BUTTERSCOTCH | G107: Non Persediaan | K107: 11700 | M107: 0 | O107: 0 | Q107: Porsi
A108: 5. GORENGAN
B109: 5. GORENGAN | C109: GRN.007 | E109: AYAM GULUNG* 3 Pcs | G109: Non Persediaan | K109: 5400 | M109: 0 | O109: 0 | Q109: Porsi
B110: 5. GORENGAN | C110: GRN.013 | E110: AYAM GULUNG* 6 Pcs | G110: Non Persediaan | K110: 10800 | M110: 0 | O110: 0 | Q110: Porsi
B111: 5. GORENGAN | C111: GRN.008 | E111: BAKSO ISI AYAM* 3 Pcs | G111: Non Persediaan | K111: 5400 | M111: 0 | O111: 0 | Q111: Porsi
B112: 5. GORENGAN | C112: GRN.014 | E112: BAKSO ISI AYAM* 6 Pcs | G112: Non Persediaan | K112: 10800 | M112: 0 | O112: 0 | Q112: Porsi
B113: 5. GORENGAN | C113: GRN.020 | E113: Gorengan Mix 6 | G113: Non Persediaan | K113: 10800 | M113: 0 | O113: 0 | Q113: Porsi
B114: 5. GORENGAN | C114: GRN.012 | E114: IKAN OLAHAN BINTANG* 3 Pcs | G114: Non Persediaan | K114: 5400 | M114: 0 | O114: 0 | Q114: Porsi
B115: 5. GORENGAN | C115: GRN.018 | E115: IKAN OLAHAN BINTANG* 6 Pcs | G115: Non Persediaan | K115: 10800 | M115: 0 | O115: 0 | Q115: Porsi
B116: 5. GORENGAN | C116: GRN.011 | E116: TOFU* 3 Pcs | G116: Non Persediaan | K116: 5400 | M116: 0 | O116: 0 | Q116: Porsi
B117: 5. GORENGAN | C117: GRN.019 | E117: TOFU* 6 Pcs | G117: Non Persediaan | K117: 10800 | M117: 0 | O117: 0 | Q117: Porsi
B118: 5. GORENGAN | C118: GRN.017 | E118: Gorengan Mix | G118: Non Persediaan | K118: 7900 | M118: 0 | O118: 0 | Q118: Porsi
B119: 5. GORENGAN | C119: 100034 | E119: TEMPURA COINS 3PCS | G119: Non Persediaan | K119: 5400 | M119: 0 | O119: 0 | Q119: Porsi
B120: 5. GORENGAN | C120: 100033 | E120: TEMPURA COINS 6PCS | G120: Non Persediaan | K120: 10800 | M120: 0 | O120: 0 | Q120: Porsi
... B124: 5. GORENGAN | C124: GRN.015 | E124: SCALLOP* 6 Pcs | G124: Non Persediaan | K124: 10800 | M124: 0 | O124: 0 | Q124: Porsi
A125: 6. COFFEE
B126: 6. COFFEE | C126: COF.002 | E126: CARAMEL LATTE | G126: Non Persediaan | K126: 12800 | M126: 0 | O126: 0 | Q126: Porsi
B127: 6. COFFEE | C127: COF.003 | E127: COFFEE LATTE | G127: Non Persediaan | K127: 9100 | M127: 0 | O127: 0 | Q127: Porsi
B128: 6. COFFEE | C128: COF.007 | E128: COFFEE CREAM | G128: Non Persediaan | K128: 14700 | M128: 0 | O128: 0 | Q128: Porsi
B129: 6. COFFEE | C129: COF.006 | E129: COFFEE | G129: Non Persediaan | K129: 11700 | M129: 0 | O129: 0 | Q129: Porsi
B130: 6. COFFEE | C130: COF.005 | E130: LEMON TEA | G130: Non Persediaan | K130: 11700 | M130: 0 | O130: 0 | Q130: Porsi
B131: 6. COFFEE | C131: COF.004 | E131: VANILLA LATTE | G131: Non Persediaan | K131: 12800 | M131: 0 | O131: 0 | Q131: Porsi
B132: 6. COFFEE | C132: COF.001 | E132: AMERICANO | G132: Non Persediaan | K132: 7300 | M132: 0 | O132: 0 | Q132: Porsi
A133: 7. DESSERT
B134: 7. DESSERT | C134: DST.009 | E134: ICE CREAM GORENG COKLAT | G134: Non Persediaan | K134: 9900 | M134: 0 | O134: 0 | Q134: Porsi
B135: 7. DESSERT | C135: DST.12 | E135: FREE ICE CREAM GORENG COKLAT | G135: Non Persediaan | K135: 0 | M135: 0 | O135: 0 | Q135: Porsi
B136: 7. DESSERT | C136: DST.014 | E136: FREE ICE CREAM GORENG STRAWBERRY | G136: Non Persediaan | K136: 0 | M136: 0 | O136: 0 | Q136: Porsi
B137: 7. DESSERT | C137: DST.002 | E137: FRENCH FRIES | G137: Non Persediaan | K137: 9000 | M137: 0 | O137: 0 | Q137: Porsi
B138: 7. DESSERT | C138: DST.004 | E138: FRENCH FRIES BBQ | G138: Non Persediaan | K138: 13000 | M138: 0 | O138: 0 | Q138: Porsi
B139: 7. DESSERT | C139: DST.003 | E139: FRENCH FRIES CHEESE | G139: Non Persediaan | K139: 13000 | M139: 0 | O139: 0 | Q139: Porsi
...

Sheet Database Dapur
A1: NO | B1: KELOMPOK | C1: NAMA BARANG | D1: HARGA
A2: 1 | B2: Makanan | C2: Ayam Fillet Dada(bahan baku) | D2: =(39000+42000+43000)/3 -> 41333.333 | E2: Kg
A3: 2 | B3: Makanan | C3: Ayam Rice Bowl @500gr | D3: 67000 | E3: Kg
A4: 3 | B4: Makanan | C4: Ayam Fillet Kecil @50gr | D4: 63000 | E4: Kg
A5: 4 | B5: Makanan | C5: Toping Ayam Kecap @500gr | D5: 41500 | E5: 500gr
A6: 5 | B6: Makanan | C6: Toping Ayam Jamur @500gr | D6: 41500 | E6: 500gr
A7: 6 | B7: Makanan | C7: Beef Rice Bowl @500gr | D7: 92000 | E7: Kg
A8: 7 | B8: Makanan | C8: Toping Ayam Pedas @500gr | D8: 35000 | E8: 500gr
A9: 8 | B9: Makanan | C9: Saus Japanese | D9: 0 | E9: Kg
A10: 9 | B10: Makanan | C10: Sauce Sambal ABC @24kg | D10: 26765 | E10: Kg
A11: 10 | B11: Makanan | C11: Sauce Tomat ABC @24kg | D11: 17261.5 | E11: Kg
A12: 11 | B12: Makanan | C12: Saus Ayam Danbing | D12: 65000 | E12: Kg
A13: 12 | B13: Makanan | C13: Saus Lada Hitam | D13: 35000 | E13: Kg
A14: 13 | B14: Makanan | C14: Saus Tiga Rasa | D14: 0 | E14: Kg
... A26: 25 | B26: Makanan | C26: Kuah Mie | D26: 22000 | E26: Ltr
A27: 26 | B27: Minuman | C27: Gula Cair | D27: =(14334+14667)/2 -> 14500.5 | E27: Ltr
A28: 27 | B28: Minuman | C28: Kacang Merah (Mentah) | D28: =(42000+43000)/2 -> 42500 | E28: Kg
A29: 28 | B29: Minuman | C29: Kacang Hijau (Mentah) | D29: 31000 | E29: Kg
A30: 29 | B30: Minuman | C30: Kacang Merah (Matang) | D30: 25000 | E30: Kg
A31: 30 | B31: Minuman | C31: Kacang Hijau (Matang) | D31: 18000 | E31: Kg
A32: 31 | B32: Minuman | C32: Skm Carnation @488gr (48) | D32: 14447.3 | E32: kaleng
A33: 32 | B33: Minuman | C33: Teh Bendera @250gr (24) | D33: 8750 | E33: Pcs
A34: 33 | B34: Minuman | C34: Teh Tong Tji @250gr | D34: 17250 | E34: Pcs
A35: 34 | B35: Minuman | C35: Saus Hot Sapi | D35: 38000 | E35: Kg
A36: 35 | B36: Minuman | C36: Nanas | D36: =(13000+12500)/2 -> 12750 | E36: Pcs
A37: 36 | B37: Minuman | C37: Mili Choco Hazelnut @1kg | D37: 60000 | E37: Kg
A38: 37 | B38: Minuman | C38: Teh Bandulan @40gr | D38: 3100 | E38: Pcs
A39: 38 | B39: Minuman | C39: Brown Sugar @1000ml (6) | D39: 105450 | E39: Botol
A40: 39 | B40: Minuman | C40: Gula Mix (Es campur) | D40: 25000 | E40: Ltr
A41: 40 | B41: Minuman | C41: Coklat Mix (bubuk) | D41: 12000 | E41: Kg
A42: 41 | B42: Minuman | C42: Tehh Mix @60gr | D42: 8000 | E42: Pcs
A43: 42 | B43: Pembantu | C43: baking powder (Crascan) @2721 | D43: 0 | E43: Kg
A44: 43 | B44: Pembantu | C44: baking powder hercules @450gr | D44: 46000 | E44: kaleng
A45: 44 | B45: Pembantu | C45: Bawang Putih Cincang | D45: 37000 | E45: Kg
A46: 45 | B46: Pembantu | C46: Bawang Merah | D46: =(43000+44000)/2 -> 43500 | E46: Kg
A47: 46 | B47: Pembantu | C47: Bawang Putih | D47: 0 | E47: Kg
A48: 47 | B48: Pembantu | C48: Cabe Rawit Kecil | D48: 50000 | E48: Kg
A49: 48 | B49: Pembantu | C49: Cabe Merah Besar | D49: 30000 | E49: Kg
A50: 49 | B50: Pembantu | C50: Coklat Batang @500gr | D50: 0 | E50: Kg
A51: 50 | B51: Pembantu | C51: Coklat Bubuk | D51: 0 | E51: Kg
A52: 51 | B52: Pembantu | C52: Gula Halus Edna @500gr | D52: 26000 | E52: Kg
A53: 52 | B53: Pembantu | C53: Gula Pasir | D53: 17200 | E53: Kg
A54: 53 | B54: Pembantu | C54: Kecap Hitam Jamur @600ml | D54: 32000 | E54: Pcs
A55: 54 | B55: Pembantu | C55: Gula Batu @1kg (12) | D55: 45045 | E55: Kg
A56: 55 | B56: Pembantu | C56: Kecap Asin ABC @6ltr | D56: 81022.16 | E56: jrigen
A57: 56 | B57: Pembantu | C57: Kecap Manis @6ltr | D57: =(155598+155210.05)/2 -> 155404.02 | E57: jrigen
A58: 57 | B58: Pembantu | C58: Lada Hitam | D58: 142500 | E58: Kg
A59: 58 | B59: Pembantu | C59: Lada Putih | D59: 145000 | E59: Kg
A60: 59 | B60: Pembantu | C60: Kacang Matang | D60: 0 | E60: Kg
A61: 60 | B61: Pembantu | C61: Pewarna Koepoe @12,5ml | D61: =(2050+2000)/2 -> 2025 | E61: Btl
A62: 61 | B62: Pembantu | C62: My Taste BBQ Spicy Sauce @500gr | D62: 20000 | E62: Pcs
A63: 62 | B63: Pembantu | C63: My Taste Hickory Smoke @500gr | D63: 21300 | E63: Pcs
A64: 63 | B64: Pembantu | C64: Sauce Hot Lava @6,2kg | D64: 208800 | E64: Pcs
A65: 64 | B65: Pembantu | C65: Sauce Hot Lava Volcano @6,2kg | D65: 241900 | E65: Pcs
A66: 65 | B66: Pembantu | C66: Saus Tiram @2,2kg | D66: =(108333+44643)/2 -> 76488 | E66: Kaleng
A67: 66 | B67: Pembantu | C67: Tepung Cakra Kembar | D67: 8880 | E67: Kg
A68: 67 | B68: Pembantu | C68: Tepung Segitiga Biru @1kg | D68: =(10583+11250)/2 -> 10916.5 | E68: Kg
A69: 68 | B69: Pembantu | C69: Tepung Tapioka (kanji) | D69: 11200 | E69: Kg
A70: 69 | B70: Pembantu | C70: Terigu Basah @2kg | D70: 72000 | E70: Pack
A71: 70 | B71: Pembantu | C71: Terigu Kering (Kasar) @2kg | D71: 72000 | E71: Pack
A72: 71 | B72: Pembantu | C72: Terigu Ayam | D72: 56000 | E72: Pack
A73: 72 | B73: Pembantu | C73: Tepung Beras Rose Brand @500gr | D73: =(6600+6850)/2 -> 6725 | E73: pack
A74: 73 | B74: Pembantu | C74: Tepung Hongkong | D74: 25225 | E74: Kg
A75: 74 | B75: Pembantu | C75: Tepung Roti (panir) | D75: 19500 | E75: Kg
A76: 75 | B76: Pembantu | C76: Maggi mie | D76: 16650 | E76: Kg
A77: 76 | B77: Pembantu | C77: Benzoat | D77: 49000 | E77: Kg
A78: 77 | B78: Pembantu | C78: Pemutih | D78: 78000 | E78: Kg
A79: 78 | B79: Pembantu | C79: Bumbu Yakiniku @300gr | D79: =(38181+46700+42341)/3 -> 42407.333 | E79: Kg
A80: 79 | B80: Pembantu | C80: Spoonset (Sendok + Garpu) | D80: 600 | E80: Pcs
A81: 80 | B81: Pembantu | C81: Sendok Plastik | D81: 450 | E81: Pcs
A82: 81 | B82: Pembantu | C82: Cuka (Rice Vinegar) @600ml | D82: 19200 | E82: Kg
A83: 82 | B83: Pembantu | C83: Daun/Batang Seledri | D83: 16000 | E83: Kg
A84: 83 | B84: Pembantu | C84: Garam | D84: 6100 | E84: Kg
A85: 84 | B85: Pembantu | C85: Keju Oles @2kg | D85: 57500 | E85: Kg
A86: 85 | B86: Pembantu | C86: Lea & Perrins @284gr (12) | D86: 60000 | E86: Botol
A87: 86 | B87: Pembantu | C87: Lemon | D87: 22000 | E87: Kg
A88: 87 | B88: Pembantu | C88: Maggi @800ml (6) | D88: 71583 | E88: Botol
A89: 88 | B89: Pembantu | C89: Minyak Goreng Sunco | D89: 26000 | E89: Kg
A90: 89 | B90: Pembantu | C90: Minyak Wijen @640ml (24) | D90: 90650 | E90: Botol
A91: 90 | B91: Pembantu | C91: Kaldu Rasa Jamur @1kg | D91: 0 | E91: Kg
... A97: 96 | B97: Pembantu | C97: Ragi Fermipan Brown | D97: 40100 | E97: Kg
A98: 97 | B98: Pembantu | C98: Kacang Mentah (Panggang) | D98: =57443 -> 57443 | E98: Kg
A99: 98 | B99: Pembantu | C99: Bungkus Gorengan (1000) | D99: 0 | E99: Pack
A100: 99 | B100: Pembantu | C100: Cover Sendok (100) | D100: =(17500+48500)/2 -> 33000 | E100: Pack
A101: 100 | B101: Pembantu | C101: Sedotan (250) | D101: 6500 | E101: Pack
A102: 101 | B102: Pembantu | C102: Ajinomoto @1kg | D102: =44417 -> 44417 | E102: Kg
A103: 102 | B103: Pembantu | C103: Tomat | D103: 17250 | E103: Kg
A104: 103 | B104: Pembantu | C104: Susu UHT @946ml (12) | D104: 17250 | E104: Kg
A105: 104 | B105: Pembantu | C105: Jahe | D105: 15000 | E105: Kg
A106: 105 | B106: Pembantu | C106: Mili Royal Chocolate @1kg | D106: 62500 | E106: Kg
A107: 106 | B107: Pembantu | C107: Baking Soda | D107: 12000 | E107: Kg
A108: 107 | B108: Pembantu | C108: Custard Fino Powder @300gr (24) | D108: 27917 | E108: Kaleng
A109: 108 | B109: Pembantu | C109: Skippy Selai Kacang @500 Gr | D109: 68000 | E109: Botol
A110: 109 | B110: Pembantu | C110: Jeruk Nipis | D110: 17000 | E110: Kg
A111: 110 | B111: Pembantu | C111: Minyak Ikan King Lobster @700ml (12) | D111: 25834 | E111: Botol
A112: 111 | B112: Pembantu | C112: Cuka Merah Red Vinegar @500ml (12) | D112: 70000 | E112: Botol
A113: 112 | B113: Pembantu | C113: Chiken Powder | D113: 88000 | E113: Kg
A114: 113 | B114: Pembantu | C114: Bawang Merah Goreng | D114: 40000 | E114: Kg
... A120: 119 | B120: Pembantu | C120: Cuka Dixi @650ml | D120: 15000 | E120: Botol
A121: 120 | B121: Pembantu | C121: Madu @650ml | D121: =(119000+115000)/2 -> 117000 | E121: Botol
...

Sheet Harga Bpp Resto
A2: Grup | B2: Kode | C2: Nama | D2: Aktif | E2: Harga Nota | F2: Compress | H2: Eccurate | J2: Harga Baru
F3: Harga | G3: Satuan | H3: Harag | I3: Satuan | J3: Harga Baru | K3: Satuan | L3: Up Harga
A4: BB.MKN | B4: MKN.30126 | C4: Mie Basah | E4: 3000 | F4: =H4 -> 3000 | G4: Pcs | H4: =IFERROR(VLOOKUP(B4, 'Database Resto'!C:P, 13, FALSE),"") -> 3000 | I4: =IFERROR(VLOOKUP(B4, 'Database Resto'!C:T, 15, FALSE),"") -> Pcs | K4: =IFERROR(VLOOKUP(B4, 'Database Resto'!C:T, 15, FALSE),"") -> Pcs
A5: BB.MKN | B5: MKN.30127 | C5: Mie Goreng | E5: 3000 | F5: =H5 -> 3000 | G5: Pcs | H5: =IFERROR(VLOOKUP(B5, 'Database Resto'!C:P, 13, FALSE),"") -> 3000 | I5: =IFERROR(VLOOKUP(B5, 'Database Resto'!C:T, 15, FALSE),"") -> Pcs | K5: =IFERROR(VLOOKUP(B5, 'Database Resto'!C:T, 15, FALSE),"") -> Pcs
A6: BB.MKN | B6: MKN.30101 | C6: Ayam Filet | E6: 3150 | F6: =H6 -> 3150 | G6: Pcs | H6: =IFERROR(VLOOKUP(B6, 'Database Resto'!C:P, 13, FALSE),"") -> 3150 | I6: =IFERROR(VLOOKUP(B6, 'Database Resto'!C:T, 15, FALSE),"") -> Pcs | K6: =IFERROR(VLOOKUP(B6, 'Database Resto'!C:T, 15, FALSE),"") -> Pcs
A7: BB.MKN | B7: MKN.30116 | C7: Ice Cream Goreng Coklat | E7: 6000 | F7: =H7 -> 6000 | G7: Pcs | H7: =IFERROR(VLOOKUP(B7, 'Database Resto'!C:P, 13, FALSE),"") -> 6000 | I7: =IFERROR(VLOOKUP(B7, 'Database Resto'!C:T, 15, FALSE),"") -> Pcs | K7: =IFERROR(VLOOKUP(B7, 'Database Resto'!C:T, 15, FALSE),"") -> Pcs
A8: BB.MKN | B8: MKN.30117 | C8: Ice Cream Goreng Strawberry | E8: 6000 | F8: =H8 -> 6000 | G8: Pcs | H8: =IFERROR(VLOOKUP(B8, 'Database Resto'!C:P, 13, FALSE),"") -> 6000 | I8: =IFERROR(VLOOKUP(B8, 'Database Resto'!C:T, 15, FALSE),"") -> Pcs | K8: =IFERROR(VLOOKUP(B8, 'Database Resto'!C:T, 15, FALSE),"") -> Pcs
A9: BB.MKN | B9: MKN.30118 | C9: Ice Cream Goreng Vanilla | E9: 6000 | F9: =H9 -> 6000 | G9: Pcs | H9: =IFERROR(VLOOKUP(B9, 'Database Resto'!C:P, 13, FALSE),"") -> 6000 | I9: =IFERROR(VLOOKUP(B9, 'Database Resto'!C:T, 15, FALSE),"") -> Pcs | K9: =IFERROR(VLOOKUP(B9, 'Database Resto'!C:T, 15, FALSE),"") -> Pcs
A10: BB.MNM | B10: MNMN.30112 | C10: K. Hijau | E10: 18000 | F10: =H10*1000 -> 18000 | G10: Kg | H10: =IFERROR(VLOOKUP(B10, 'Database Resto'!C:P, 13, FALSE),"") -> 18 | I10: =IFERROR(VLOOKUP(B10, 'Database Resto'!C:T, 15, FALSE),"") -> Gram | K10: =IFERROR(VLOOKUP(B10, 'Database Resto'!C:T, 15, FALSE),"") -> Gram
A11: BB.MNM | B11: MNMN.30113 | C11: K. Merah | E11: 25000 | F11: =H11*1000 -> 25000 | G11: Kg | H11: =IFERROR(VLOOKUP(B11, 'Database Resto'!C:P, 13, FALSE),"") -> 25 | I11: =IFERROR(VLOOKUP(B11, 'Database Resto'!C:T, 15, FALSE),"") -> Gram | K11: =IFERROR(VLOOKUP(B11, 'Database Resto'!C:T, 15, FALSE),"") -> Gram
A12: BB.MNM | B12: MNMN.30109 | C12: Gula Es Campur | E12: 25000 | F12: =H12*1000 -> 25000 | G12: Kg | H12: =IFERROR(VLOOKUP(B12, 'Database Resto'!C:P, 13, FALSE),"") -> 25 | I12: =IFERROR(VLOOKUP(B12, 'Database Resto'!C:T, 15, FALSE),"") -> Gram | K12: =IFERROR(VLOOKUP(B12, 'Database Resto'!C:T, 15, FALSE),"") -> Gram
A13: BB.MKN | B13: MKN.30134 | C13: S. Asam Manis | E13: 27000 | F13: =H13*1000 -> 27000 | G13: Kg | H13: =IFERROR(VLOOKUP(B13, 'Database Resto'!C:P, 13, FALSE),"") -> 27 | I13: =IFERROR(VLOOKUP(B13, 'Database Resto'!C:T, 15, FALSE),"") -> Gram | K13: =IFERROR(VLOOKUP(B13, 'Database Resto'!C:T, 15, FALSE),"") -> Gram
A14: BB.MKN | B14: MKN.30143 | C14: S. Vietnam | E14: 31000 | F14: =H14*1000 -> 31366.922 | G14: Kg | H14: =IFERROR(VLOOKUP(B14, 'Database Resto'!C:P, 13, FALSE),"") -> 31.366922 | I14: =IFERROR(VLOOKUP(B14, 'Database Resto'!C:T, 15, FALSE),"") -> Gram | K14: =IFERROR(VLOOKUP(B14, 'Database Resto'!C:T, 15, FALSE),"") -> Gram
A15: BB.MKN | B15: MKN.30135 | C15: S. Ayam Pedas | E15: 38000 | F15: =H15*1000 -> 38000 | G15: Kg | H15: =IFERROR(VLOOKUP(B15, 'Database Resto'!C:P, 13, FALSE),"") -> 38 | I15: =IFERROR(VLOOKUP(B15, 'Database Resto'!C:T, 15, FALSE),"") -> Gram | K15: =IFERROR(VLOOKUP(B15, 'Database Resto'!C:T, 15, FALSE),"") -> Gram
A16: BB.MKN | B16: MKN.30138 | C16: S. Ladah Hitam | E16: 35000 | F16: =H16*1000 -> 35000 | G16: Kg | H16: =IFERROR(VLOOKUP(B16, 'Database Resto'!C:P, 13, FALSE),"") -> 35 | I16: =IFERROR(VLOOKUP(B16, 'Database Resto'!C:T, 15, FALSE),"") -> Gram | K16: =IFERROR(VLOOKUP(B16, 'Database Resto'!C:T, 15, FALSE),"") -> Gram
A17: BB.MKN | B17: MKN.30142 | C17: S. Teriyaki | E17: 36000 | F17: =H17*1000 -> 35774.808 | G17: Kg | H17: =IFERROR(VLOOKUP(B17, 'Database Resto'!C:P, 13, FALSE),"") -> 35.774808 | I17: =IFERROR(VLOOKUP(B17, 'Database Resto'!C:T, 15, FALSE),"") -> Gram | K17: =IFERROR(VLOOKUP(B17, 'Database Resto'!C:T, 15, FALSE),"") -> Gram
A18: BB.MKN | B18: MKN.30136 | C18: S. Daging Pedas | E18: 38000 | F18: =H18*1000 -> 38000 | G18: Kg | H18: =IFERROR(VLOOKUP(B18, 'Database Resto'!C:P, 13, FALSE),"") -> 38 | I18: =IFERROR(VLOOKUP(B18, 'Database Resto'!C:T, 15, FALSE),"") -> Gram | K18: =IFERROR(VLOOKUP(B18, 'Database Resto'!C:T, 15, FALSE),"") -> Gram
A19: BB.MKN | B19: MKN.30137 | C19: S. Jawa | E19: 45000 | F19: =H19*1000 -> 45000 | G19: Kg | H19: =IFERROR(VLOOKUP(B19, 'Database Resto'!C:P, 13, FALSE),"") -> 45 | I19: =IFERROR(VLOOKUP(B19, 'Database Resto'!C:T, 15, FALSE),"") -> Gram | K19: =IFERROR(VLOOKUP(B19, 'Database Resto'!C:T, 15, FALSE),"") -> Gram
A20: BB.MKN | B20: MKN.30139 | C20: S. Madu | E20: 38000 | F20: =H20*1000 -> 38000 | G20: Kg | H20: =IFERROR(VLOOKUP(B20, 'Database Resto'!C:P, 13, FALSE),"") -> 38 | I20: =IFERROR(VLOOKUP(B20, 'Database Resto'!C:T, 15, FALSE),"") -> Gram | K20: =IFERROR(VLOOKUP(B20, 'Database Resto'!C:T, 15, FALSE),"") -> Gram
A21: BB.MKN | B21: MKN.30154 | C21: Toping Ayam Pedas | E21: 70000 | F21: =H21*1000 -> 70000 | G21: Kg | H21: =IFERROR(VLOOKUP(B21, 'Database Resto'!C:P, 13, FALSE),"") -> 70 | I21: =IFERROR(VLOOKUP(B21, 'Database Resto'!C:T, 15, FALSE),"") -> Gram | K21: =IFERROR(VLOOKUP(B21, 'Database Resto'!C:T, 15, FALSE),"") -> Gram
... A24: BB.MKN | B24: MKN.30153 | C24: Toping Ayam Kecap | E24: 83000 | F24: =H24*1000 -> 83000 | G24: Kg | H24: =IFERROR(VLOOKUP(B24, 'Database Resto'!C:P, 13, FALSE),"") -> 83 | I24: =IFERROR(VLOOKUP(B24, 'Database Resto'!C:T, 15, FALSE),"") -> Gram | K24: =IFERROR(VLOOKUP(B24, 'Database Resto'!C:T, 15, FALSE),"") -> Gram
A25: BB.MKN | B25: MKN.30109 | C25: Beras 25kg | D25: Tidak | E25: 15650 | F25: =H25*1000 -> 15650 | G25: Kg | H25: =IFERROR(VLOOKUP(B25, 'Database Resto'!C:P, 13, FALSE),"") -> 15.65 | I25: =IFERROR(VLOOKUP(B25, 'Database Resto'!C:T, 15, FALSE),"") -> Gram | K25: =IFERROR(VLOOKUP(B25, 'Database Resto'!C:T, 15, FALSE),"") -> Gram
A26: BB.MKN | B26: MKN.30110 | C26: Bombay | D26: Tidak | E26: 20000 | F26: =H26*1000 -> 19512.707 | G26: Kg | H26: =IFERROR(VLOOKUP(B26, 'Database Resto'!C:P, 13, FALSE),"") -> 19.512707 | I26: =IFERROR(VLOOKUP(B26, 'Database Resto'!C:T, 15, FALSE),"") -> Gram | J26: =H26+(H26*L26) -> 23.415248 | K26: =IFERROR(VLOOKUP(B26, 'Database Resto'!C:T, 15, FALSE),"") -> Gram | L26: 0.2
A27: BB.MKN | B27: MKN.30111 | C27: Daging Lowfat | D27: Tidak | E27: 116000 | F27: =H27*1000 -> 116374.67 | G27: Kg | H27: =IFERROR(VLOOKUP(B27, 'Database Resto'!C:P, 13, FALSE),"") -> 116.37467 | I27: =IFERROR(VLOOKUP(B27, 'Database Resto'!C:T, 15, FALSE),"") -> Gram | J27: =H27+(H27*L27) -> 128.01213 | K27: =IFERROR(VLOOKUP(B27, 'Database Resto'!C:T, 15, FALSE),"") -> Gram | L27: 0.1
A28: BB.MKN | B28: MKN.30122 | C28: Kentang | D28: Tidak | E28: 23625 | F28: =H28*1000 -> 23625 | G28: Kg | H28: =IFERROR(VLOOKUP(B28, 'Database Resto'!C:P, 13, FALSE),"") -> 23.625 | I28: =IFERROR(VLOOKUP(B28, 'Database Resto'!C:T, 15, FALSE),"") -> Gram | J28: =H28+(H28*L28) -> 25.9875 | K28: =IFERROR(VLOOKUP(B28, 'Database Resto'!C:T, 15, FALSE),"") -> Gram | L28: 0.1
A29: BB.MKN | B29: MKN.30132 | C29: Pokcoy | D29: Tidak | E29: 11000 | F29: =H29*1000 -> 12581.668 | G29: Kg | H29: =IFERROR(VLOOKUP(B29, 'Database Resto'!C:P, 13, FALSE),"") -> 12.581668 | I29: =IFERROR(VLOOKUP(B29, 'Database Resto'!C:T, 15, FALSE),"") -> Gram | J29: =H29+(H29*L29) -> 15.098001 | K29: =IFERROR(VLOOKUP(B29, 'Database Resto'!C:T, 15, FALSE),"") -> Gram | L29: 0.2
A30: BB.MKN | B30: MKN.30149 | C30: Telur | D30: Tidak | E30: 21800 | F30: =H30*1000 -> 22017.071 | G30: Kg | H30: =IFERROR(VLOOKUP(B30, 'Database Resto'!C:P, 13, FALSE),"") -> 22.017071 | I30: =IFERROR(VLOOKUP(B30, 'Database Resto'!C:T, 15, FALSE),"") -> Gram | J30: =H30+(H30*L30) -> 26.420485 | K30: =IFERROR(VLOOKUP(B30, 'Database Resto'!C:T, 15, FALSE),"") -> Gram | L30: 0.2
A31: BB.MKN | B31: MKN.30150 | C31: Timun | D31: Tidak | E31: 11000 | F31: =H31*1000 -> 10923.287 | G31: Kg | H31: =IFERROR(VLOOKUP(B31, 'Database Resto'!C:P, 13, FALSE),"") -> 10.923287 | I31: =IFERROR(VLOOKUP(B31, 'Database Resto'!C:T, 15, FALSE),"") -> Gram | J31: =H31+(H31*L31) -> 13.107944 | K31: =IFERROR(VLOOKUP(B31, 'Database Resto'!C:T, 15, FALSE),"") -> Gram | L31: 0.2
A32: BB.MKN | B32: MKN.30151 | C32: Tomat | D32: Tidak | E32: 6000 | F32: =H32*1000 -> 6000 | G32: Kg | H32: =IFERROR(VLOOKUP(B32, 'Database Resto'!C:P, 13, FALSE),"") -> 6 | I32: =IFERROR(VLOOKUP(B32, 'Database Resto'!C:T, 15, FALSE),"") -> Gram | J32: =H32+(H32*L32) -> 7.2 | K32: =IFERROR(VLOOKUP(B32, 'Database Resto'!C:T, 15, FALSE),"") -> Gram | L32: 0.2
A33: BB.MKN | B33: MKN.30157 | C33: Mix vegetable | D33: Tidak | F33: =H33*1000 -> 27000 | G33: Kg | H33: =IFERROR(VLOOKUP(B33, 'Database Resto'!C:P, 13, FALSE),"") -> 27 | I33: =IFERROR(VLOOKUP(B33, 'Database Resto'!C:T, 15, FALSE),"") -> Gram | K33: =IFERROR(VLOOKUP(B33, 'Database Resto'!C:T, 15, FALSE),"") -> Gram
A34: BB.MNM | B34: MNMN.30102 | C34: Buah Naga | D34: Tidak | E34: 23000 | F34: =H34*1000 -> 30018.483 | G34: Kg | H34: =IFERROR(VLOOKUP(B34, 'Database Resto'!C:P, 13, FALSE),"") -> 30.018483 | I34: =IFERROR(VLOOKUP(B34, 'Database Resto'!C:T, 15, FALSE),"") -> Gram | J34: =H34+(H34*L34) -> 36.022179 | K34: =IFERROR(VLOOKUP(B34, 'Database Resto'!C:T, 15, FALSE),"") -> Gram | L34: 0.2
A35: BB.MNM | B35: MNMN.30115 | C35: Melon | D35: Tidak | E35: 18000 | F35: =H35*1000 -> 25235.28 | G35: Kg | H35: =IFERROR(VLOOKUP(B35, 'Database Resto'!C:P, 13, FALSE),"") -> 25.23528 | I35: =IFERROR(VLOOKUP(B35, 'Database Resto'!C:T, 15, FALSE),"") -> Gram | J35: =H35+(H35*L35) -> 30.282336 | K35: =IFERROR(VLOOKUP(B35, 'Database Resto'!C:T, 15, FALSE),"") -> Gram | L35: 0.2
A36: BB.MNM | B36: MNMN.30120 | C36: Semangka | D36: Tidak | E36: 16000 | F36: =H36*1000 -> 21917.127 | G36: Kg | H36: =IFERROR(VLOOKUP(B36, 'Database Resto'!C:P, 13, FALSE),"") -> 21.917127 | I36: =IFERROR(VLOOKUP(B36, 'Database Resto'!C:T, 15, FALSE),"") -> Gram | J36: =H36+(H36*L36) -> 26.300552 | K36: =IFERROR(VLOOKUP(B36, 'Database Resto'!C:T, 15, FALSE),"") -> Gram | L36: 0.2
A37: BB.MKN | B37: MKN.30102 | C37: Ayam Gulung | D37: Tidak | E37: 51000 | F37: =H37 -> 775.05753 | G37: Pcs | H37: =IFERROR(VLOOKUP(B37, 'Database Resto'!C:P, 13, FALSE),"") -> 775.05753 | I37: =IFERROR(VLOOKUP(B37, 'Database Resto'!C:T, 15, FALSE),"") -> Pcs | K37: =IFERROR(VLOOKUP(B37, 'Database Resto'!C:T, 15, FALSE),"") -> Pcs
A38: BB.MKN | B38: MKN.30104 | C38: Bakso Ayam | D38: Tidak | E38: 37000 | F38: =H38 -> 471.95677 | G38: Pcs | H38: =IFERROR(VLOOKUP(B38, 'Database Resto'!C:P, 13, FALSE),"") -> 471.95677 | I38: =IFERROR(VLOOKUP(B38, 'Database Resto'!C:T, 15, FALSE),"") -> Pcs | K38: =IFERROR(VLOOKUP(B38, 'Database Resto'!C:T, 15, FALSE),"") -> Pcs
A39: BB.MKN | B39: MKN.30115 | C39: Gorengan Mie | D39: Tidak | E39: 3750 | F39: =H39 -> 279.96294 | G39: Pcs | H39: =IFERROR(VLOOKUP(B39, 'Database Resto'!C:P, 13, FALSE),"") -> 279.96294 | I39: =IFERROR(VLOOKUP(B39, 'Database Resto'!C:T, 15, FALSE),"") -> Pcs | K39: =IFERROR(VLOOKUP(B39, 'Database Resto'!C:T, 15, FALSE),"") -> Pcs
A40: BB.MKN | B40: MKN.30119 | C40: Ikan Olahan Bentuk Tahu @500 Gram | D40: Tidak | E40: 39000 | F40: =H40 -> 341.57872 | G40: Pcs | H40: =IFERROR(VLOOKUP(B40, 'Database Resto'!C:P, 13, FALSE),"") -> 341.57872 | I40: =IFERROR(VLOOKUP(B40, 'Database Resto'!C:T, 15, FALSE),"") -> Pcs | K40: =IFERROR(VLOOKUP(B40, 'Database Resto'!C:T, 15, FALSE),"") -> Pcs
A41: BB.MKN | B41: MKN.30125 | C41: Lumpia Kulit Tahu | D41: Tidak | E41: 62000 | F41: =H41 -> 2066.6667 | G41: Pcs | H41: =IFERROR(VLOOKUP(B41, 'Database Resto'!C:P, 13, FALSE),"") -> 2066.6667 | I41: =IFERROR(VLOOKUP(B41, 'Database Resto'!C:T, 15, FALSE),"") -> Pcs | K41: =IFERROR(VLOOKUP(B41, 'Database Resto'!C:T, 15, FALSE),"") -> Pcs
A42: BB.MKN | B42: MKN.30131 | C42: Otak-Otak | D42: Tidak | E42: 40000 | F42: =H42 -> 656.57312 | G42: Pcs | H42: =IFERROR(VLOOKUP(B42, 'Database Resto'!C:P, 13, FALSE),"") -> 656.57312 | I42: =IFERROR(VLOOKUP(B42, 'Database Resto'!C:T, 15, FALSE),"") -> Pcs | K42: =IFERROR(VLOOKUP(B42, 'Database Resto'!C:T, 15, FALSE),"") -> Pcs
A43: BB.MKN | B43: MKN.30145 | C43: Scallop Premium @500gram | D43: Tidak | E43: 40500 | F43: =H43 -> 369.5932 | G43: Pcs | H43: =IFERROR(VLOOKUP(B43, 'Database Resto'!C:P, 13, FALSE),"") -> 369.5932 | I43: =IFERROR(VLOOKUP(B43, 'Database Resto'!C:T, 15, FALSE),"") -> Pcs | K43: =IFERROR(VLOOKUP(B43, 'Database Resto'!C:T, 15, FALSE),"") -> Pcs
A44: BB.MKN | B44: MKN.30146 | C44: Somay Ayam | D44: Tidak | E44: 52000 | F44: =H44 -> 1733.3333 | G44: Pcs | H44: =IFERROR(VLOOKUP(B44, 'Database Resto'!C:P, 13, FALSE),"") -> 1733.3333 | I44: =IFERROR(VLOOKUP(B44, 'Database Resto'!C:T, 15, FALSE),"") -> Pcs | K44: =IFERROR(VLOOKUP(B44, 'Database Resto'!C:T, 15, FALSE),"") -> Pcs
A45: BB.MKN | B45: MKN.30147 | C45: Somay Keju | D45: Tidak | E45: 62000 | F45: =H45 -> 2066.6667 | G45: Pcs | H45: =IFERROR(VLOOKUP(B45, 'Database Resto'!C:P, 13, FALSE),"") -> 2066.6667 | I45: =IFERROR(VLOOKUP(B45, 'Database Resto'!C:T, 15, FALSE),"") -> Pcs | K45: =IFERROR(VLOOKUP(B45, 'Database Resto'!C:T, 15, FALSE),"") -> Pcs
A46: BB.MKN | B46: MKN.30156 | C46: Bakso Ikan Bintang Besar @500 Gr | D46: Tidak | E46: 37500 | F46: =H46 -> 625 | G46: Pcs | H46: =IFERROR(VLOOKUP(B46, 'Database Resto'!C:P, 13, FALSE),"") -> 625 | I46: =IFERROR(VLOOKUP(B46, 'Database Resto'!C:T, 15, FALSE),"") -> Pcs | K46: =IFERROR(VLOOKUP(B46, 'Database Resto'!C:T, 15, FALSE),"") -> Pcs
A47: BB.MKN | B47: MKN.30158 | C47: Tempura Burger | D47: Tidak | E47: 25000 | F47: =H47 -> 500 | G47: Pcs | H47: =IFERROR(VLOOKUP(B47, 'Database Resto'!C:P, 13, FALSE),"") -> 500 | I47: =IFERROR(VLOOKUP(B47, 'Database Resto'!C:T, 15, FALSE),"") -> Pcs | K47: =IFERROR(VLOOKUP(B47, 'Database Resto'!C:T, 15, FALSE),"") -> Pcs
